Transporteur;Gare origine;Gare origine - code UIC;Gare destination;Gare destination - code UIC;Classe;Profil tarifaire;Type de place;Prix minimum;Prix maximum
Intercités de jour à réservation obligatoire;AGEN;87586008;MONTPELLIER SAINT-ROCH;87773002;2;Tarif Normal;assise;19.0;55.0
Intercités de jour à réservation obligatoire;AGEN;87586008;BORDEAUX ST JEAN;87581009;2;Tarif Normal;assise;12.0;29.0
Intercités de jour à réservation obligatoire;ARGENTON SUR CREUSE;87597120;LA SOUTERRAINE;87592378;2;Tarif Normal;assise;7.2;14.0
Intercités de jour à réservation obligatoire;AGEN;87586008;NARBONNE;87781104;2;Tarif Normal;assise;15.0;45.0
Intercités de jour à réservation obligatoire;AGEN;87586008;CARCASSONNE;87615286;2;Tarif Normal;assise;15.0;45.0
Intercités de jour à réservation obligatoire;ARGENTON SUR CREUSE;87597120;PARIS BERCY;87686667;2;Tarif Normal;assise;15.0;48.0
Intercités de jour à réservation obligatoire;AGEN;87586008;SETE;87773200;2;Tarif Normal;assise;19.0;55.0
Intercités de jour à réservation obligatoire;AGEN;87586008;MARMANDE;87586545;2;Tarif Normal;assise;9.0;19.0
Intercités de jour à réservation obligatoire;ARGENTON SUR CREUSE;87597120;VIERZON VILLE;87576009;2;Tarif Normal;assise;10.8;20.5
Intercités de jour à réservation obligatoire;ARGENTON SUR CREUSE;87597120;CAHORS;87613000;2;Tarif Normal;assise;15.0;52.0
Intercités de jour à réservation obligatoire;AGEN;87586008;MARSEILLE ST CHARLES;87751008;2;Tarif Normal;assise;19.0;85.0
Intercités de jour à réservation obligatoire;ARLES;87753657;MONTPELLIER SAINT-ROCH;87773002;2;Tarif Normal;assise;9.0;19.0
Intercités de jour à réservation obligatoire;ARLES;87753657;NARBONNE;87781104;2;Tarif Normal;assise;12.0;35.0
Intercités de jour à réservation obligatoire;AGEN;87586008;NIMES;87775007;2;Tarif Normal;assise;19.0;70.0
Intercités de jour à réservation obligatoire;ARLES;87753657;MONTPELLIER SUD DE FRANCE;87688887;2;Tarif Normal;assise;9.0;19.0
Intercités de jour à réservation obligatoire;BEZIERS;87781005;SETE;87773200;2;Tarif Normal;assise;7.0;15.0
Intercités de jour à réservation obligatoire;ARGENTON SUR CREUSE;87597120;CAUSSADE TARN ET GARONNE;87613356;2;Tarif Normal;assise;15.0;56.0
Intercités de jour à réservation obligatoire;BEZIERS;87781005;CARCASSONNE;87615286;2;Tarif Normal;assise;9.0;19.0
Intercités de jour à réservation obligatoire;BORDEAUX ST JEAN;87581009;MARMANDE;87586545;2;Tarif Normal;assise;9.0;19.0
Intercités de jour à réservation obligatoire;ARGENTON SUR CREUSE;87597120;GOURDON;87613141;2;Tarif Normal;assise;15.0;47.0
Intercités de jour à réservation obligatoire;BEZIERS;87781005;MARSEILLE ST CHARLES;87751008;2;Tarif Normal;assise;15.0;45.0
Intercités de jour à réservation obligatoire;BORDEAUX ST JEAN;87581009;MARSEILLE ST CHARLES;87751008;2;Tarif Normal;assise;19.0;95.0
Intercités de jour à réservation obligatoire;ARGENTON SUR CREUSE;87597120;PARIS GARE DE LYON;87686006;2;Tarif Normal;assise;15.0;48.0
Intercités de jour à réservation obligatoire;BEZIERS;87781005;NIMES;87775007;2;Tarif Normal;assise;9.0;25.0
Intercités de jour à réservation obligatoire;BORDEAUX ST JEAN;87581009;MONTPELLIER SUD DE FRANCE;87688887;2;Tarif Normal;assise;19.0;70.0
Intercités de jour à réservation obligatoire;ARGENTON SUR CREUSE;87597120;SOUILLAC;87594333;2;Tarif Normal;assise;10.0;42.0
Intercités de jour à réservation obligatoire;BRIVE LA GAILLARDE;87594002;ARGENTON SUR CREUSE;87597120;2;Tarif Normal;assise;10.0;38.0
Intercités de jour à réservation obligatoire;BORDEAUX ST JEAN;87581009;SETE;87773200;2;Tarif Normal;assise;19.0;70.0
Intercités de jour à réservation obligatoire;ARLES;87753657;MARSEILLE ST CHARLES;87751008;2;Tarif Normal;assise;9.0;25.0
Intercités de jour à réservation obligatoire;BRIVE LA GAILLARDE;87594002;CAHORS;87613000;2;Tarif Normal;assise;11.9;23.0
Intercités de jour à réservation obligatoire;BRIVE LA GAILLARDE;87594002;GOURDON;87613141;2;Tarif Normal;assise;8.200000000000001;15.5
Intercités de jour à réservation obligatoire;ARLES;87753657;SETE;87773200;2;Tarif Normal;assise;12.0;29.0
Intercités de jour à réservation obligatoire;BRIVE LA GAILLARDE;87594002;CHATEAUROUX;87597005;2;Tarif Normal;assise;15.0;42.0
Intercités de jour à réservation obligatoire;BRIVE LA GAILLARDE;87594002;LA SOUTERRAINE;87592378;2;Tarif Normal;assise;10.0;30.0
Intercités de jour à réservation obligatoire;ARLES;87753657;TOULOUSE MATABIAU;87611004;2;Tarif Normal;assise;19.0;55.0
Intercités de jour à réservation obligatoire;BRIVE LA GAILLARDE;87594002;LES AUBRAIS;87543017;2;Tarif Normal;assise;15.0;60.0
Intercités de jour à réservation obligatoire;CARCASSONNE;87615286;MARSEILLE ST CHARLES;87751008;2;Tarif Normal;assise;19.0;55.0
Intercités de jour à réservation obligatoire;BEZIERS;87781005;ARLES;87753657;2;Tarif Normal;assise;12.0;35.0
Intercités de jour à réservation obligatoire;BRIVE LA GAILLARDE;87594002;PARIS AUSTERLITZ;87547000;2;Tarif Normal;assise;15.0;75.0
Intercités de jour à réservation obligatoire;CARCASSONNE;87615286;NARBONNE;87781104;2;Tarif Normal;assise;7.0;15.0
Intercités de jour à réservation obligatoire;BEZIERS;87781005;MARMANDE;87586545;2;Tarif Normal;assise;19.0;55.0
Intercités de jour à réservation obligatoire;BRIVE LA GAILLARDE;87594002;PARIS BERCY;87686667;2;Tarif Normal;assise;15.0;75.0
Intercités de jour à réservation obligatoire;CAUSSADE TARN ET GARONNE;87613356;MONTAUBAN VILLE BOURBON;87611244;2;Tarif Normal;assise;4.1000000000000005;7.800000000000001
Intercités de jour à réservation obligatoire;BEZIERS;87781005;TOULOUSE MATABIAU;87611004;2;Tarif Normal;assise;12.0;35.0
Intercités de jour à réservation obligatoire;BRIVE LA GAILLARDE;87594002;TOULOUSE MATABIAU;87611004;2;Tarif Normal;assise;15.0;39.0
Intercités de jour à réservation obligatoire;CAUSSADE TARN ET GARONNE;87613356;PARIS BERCY;87686667;2;Tarif Normal;assise;15.0;85.0
Intercités de jour à réservation obligatoire;BORDEAUX ST JEAN;87581009;ARLES;87753657;2;Tarif Normal;assise;19.0;85.0
Intercités de jour à réservation obligatoire;BRIVE LA GAILLARDE;87594002;VIERZON VILLE;87576009;2;Tarif Normal;assise;15.0;51.0
Intercités de jour à réservation obligatoire;CHATEAUROUX;87597005;CAUSSADE TARN ET GARONNE;87613356;2;Tarif Normal;assise;15.0;60.0
Intercités de jour à réservation obligatoire;BORDEAUX ST JEAN;87581009;BEZIERS;87781005;2;Tarif Normal;assise;19.0;70.0
Intercités de jour à réservation obligatoire;CAUSSADE TARN ET GARONNE;87613356;LA SOUTERRAINE;87592378;2;Tarif Normal;assise;15.0;51.0
Intercités de jour à réservation obligatoire;CHATEAUROUX;87597005;PARIS GARE DE LYON;87686006;2;Tarif Normal;assise;15.0;44.0
Intercités de jour à réservation obligatoire;BORDEAUX ST JEAN;87581009;MONTAUBAN VILLE BOURBON;87611244;2;Tarif Normal;assise;12.0;35.0
Intercités de jour à réservation obligatoire;CAUSSADE TARN ET GARONNE;87613356;TOULOUSE MATABIAU;87611004;2;Tarif Normal;assise;9.4;18.0
Intercités de jour à réservation obligatoire;CLERMONT FERRAND;87734004;MOULINS SUR ALLIER;87696328;2;Tarif Normal;assise;12.4;24.0
Intercités de jour à réservation obligatoire;BORDEAUX ST JEAN;87581009;MONTPELLIER SAINT-ROCH;87773002;2;Tarif Normal;assise;19.0;70.0
Intercités de jour à réservation obligatoire;CHATEAUROUX;87597005;CAHORS;87613000;2;Tarif Normal;assise;15.0;55.0
Intercités de jour à réservation obligatoire;CLERMONT FERRAND;87734004;NEVERS;87696005;2;Tarif Normal;assise;10.0;33.0
Intercités de jour à réservation obligatoire;BORDEAUX ST JEAN;87581009;NARBONNE;87781104;2;Tarif Normal;assise;19.0;65.0
Intercités de jour à réservation obligatoire;CLERMONT FERRAND;87734004;RIOM CHATEL GUYON;87734053;2;Tarif Normal;assise;2.8000000000000003;5.4
Intercités de jour à réservation obligatoire;GOURDON;87613141;LA SOUTERRAINE;87592378;2;Tarif Normal;assise;10.0;40.0
Intercités de jour à réservation obligatoire;BRIVE LA GAILLARDE;87594002;PARIS GARE DE LYON;87686006;2;Tarif Normal;assise;15.0;75.0
Intercités de jour à réservation obligatoire;GOURDON;87613141;CAHORS;87613000;2;Tarif Normal;assise;6.5;12.700000000000001
Intercités de jour à réservation obligatoire;GOURDON;87613141;LES AUBRAIS;87543017;2;Tarif Normal;assise;20.0;69.0
Intercités de jour à réservation obligatoire;CARCASSONNE;87615286;ARLES;87753657;2;Tarif Normal;assise;15.0;45.0
Intercités de jour à réservation obligatoire;GOURDON;87613141;PARIS AUSTERLITZ;87547000;2;Tarif Normal;assise;15.0;77.0
Intercités de jour à réservation obligatoire;GOURDON;87613141;PARIS BERCY;87686667;2;Tarif Normal;assise;15.0;77.0
Intercités de jour à réservation obligatoire;CARCASSONNE;87615286;MONTAUBAN VILLE BOURBON;87611244;2;Tarif Normal;assise;12.0;29.0
Intercités de jour à réservation obligatoire;GOURDON;87613141;PARIS GARE DE LYON;87686006;2;Tarif Normal;assise;15.0;77.0
Intercités de jour à réservation obligatoire;GOURDON;87613141;VIERZON VILLE;87576009;2;Tarif Normal;assise;15.0;57.0
Intercités de jour à réservation obligatoire;CAUSSADE TARN ET GARONNE;87613356;LES AUBRAIS;87543017;2;Tarif Normal;assise;25.0;77.0
Intercités de jour à réservation obligatoire;ISSOUDUN;87597062;CAHORS;87613000;2;Tarif Normal;assise;15.0;59.0
Intercités de jour à réservation obligatoire;ISSOUDUN;87597062;ARGENTON SUR CREUSE;87597120;2;Tarif Normal;assise;8.200000000000001;15.5
Intercités de jour à réservation obligatoire;CAUSSADE TARN ET GARONNE;87613356;SOUILLAC;87594333;2;Tarif Normal;assise;11.9;23.0
Intercités de jour à réservation obligatoire;ISSOUDUN;87597062;CAUSSADE TARN ET GARONNE;87613356;2;Tarif Normal;assise;20.0;64.0
Intercités de jour à réservation obligatoire;ISSOUDUN;87597062;PARIS AUSTERLITZ;87547000;2;Tarif Normal;assise;15.0;40.0
Intercités de jour à réservation obligatoire;CAUSSADE TARN ET GARONNE;87613356;VIERZON VILLE;87576009;2;Tarif Normal;assise;20.0;69.0
Intercités de jour à réservation obligatoire;ISSOUDUN;87597062;MONTAUBAN VILLE BOURBON;87611244;2;Tarif Normal;assise;20.0;68.0
Intercités de jour à réservation obligatoire;ISSOUDUN;87597062;SOUILLAC;87594333;2;Tarif Normal;assise;15.0;51.0
Intercités de jour à réservation obligatoire;CHATEAUROUX;87597005;ARGENTON SUR CREUSE;87597120;2;Tarif Normal;assise;5.6000000000000005;10.8
Intercités de jour à réservation obligatoire;ISSOUDUN;87597062;PARIS GARE DE LYON;87686006;2;Tarif Normal;assise;15.0;40.0
Intercités de jour à réservation obligatoire;LA SOUTERRAINE;87592378;PARIS BERCY;87686667;2;Tarif Normal;assise;15.0;54.0
Intercités de jour à réservation obligatoire;CHATEAUROUX;87597005;LES AUBRAIS;87543017;2;Tarif Normal;assise;14.9;29.0
Intercités de jour à réservation obligatoire;LA SOUTERRAINE;87592378;VIERZON VILLE;87576009;2;Tarif Normal;assise;13.3;28.0
Intercités de jour à réservation obligatoire;LES AUBRAIS;87543017;CAHORS;87613000;2;Tarif Normal;assise;20.0;74.0
Intercités de jour à réservation obligatoire;CHATEAUROUX;87597005;TOULOUSE MATABIAU;87611004;2;Tarif Normal;assise;15.0;70.0
Intercités de jour à réservation obligatoire;LES AUBRAIS;87543017;LA SOUTERRAINE;87592378;2;Tarif Normal;assise;10.0;40.0
Intercités de jour à réservation obligatoire;LES AUBRAIS;87543017;MONTAUBAN VILLE BOURBON;87611244;2;Tarif Normal;assise;25.0;80.0
Intercités de jour à réservation obligatoire;CLERMONT FERRAND;87734004;PARIS BERCY;87686667;2;Tarif Normal;assise;15.0;65.0
Intercités de jour à réservation obligatoire;LES AUBRAIS;87543017;PARIS AUSTERLITZ;87547000;2;Tarif Normal;assise;13.5;25.0
Intercités de jour à réservation obligatoire;LES AUBRAIS;87543017;VIERZON VILLE;87576009;2;Tarif Normal;assise;9.9;19.0
Intercités de jour à réservation obligatoire;CLERMONT FERRAND;87734004;ST GERMAIN DES FOSSES;87732206;2;Tarif Normal;assise;8.8;17.0
Intercités de jour à réservation obligatoire;LES AUBRAIS;87543017;PARIS BERCY;87686667;2;Tarif Normal;assise;13.5;25.0
Intercités de jour à réservation obligatoire;LIMOGES BENEDICTINS;87592006;CHATEAUROUX;87597005;2;Tarif Normal;assise;13.3;28.0
Intercités de jour à réservation obligatoire;GOURDON;87613141;TOULOUSE MATABIAU;87611004;2;Tarif Normal;assise;10.0;30.0
Intercités de jour à réservation obligatoire;LIMOGES BENEDICTINS;87592006;ARGENTON SUR CREUSE;87597120;2;Tarif Normal;assise;12.4;24.0
Intercités de jour à réservation obligatoire;LIMOGES BENEDICTINS;87592006;LA SOUTERRAINE;87592378;2;Tarif Normal;assise;8.200000000000001;15.5
Intercités de jour à réservation obligatoire;ISSOUDUN;87597062;PARIS BERCY;87686667;2;Tarif Normal;assise;15.0;40.0
Intercités de jour à réservation obligatoire;LIMOGES BENEDICTINS;87592006;LES AUBRAIS;87543017;2;Tarif Normal;assise;15.0;50.0
Intercités de jour à réservation obligatoire;LIMOGES BENEDICTINS;87592006;MONTAUBAN VILLE BOURBON;87611244;2;Tarif Normal;assise;15.0;47.0
Intercités de jour à réservation obligatoire;ISSOUDUN;87597062;VIERZON VILLE;87576009;2;Tarif Normal;assise;6.0;11.5
Intercités de jour à réservation obligatoire;MARMANDE;87586545;MONTAUBAN VILLE BOURBON;87611244;2;Tarif Normal;assise;12.0;29.0
Intercités de jour à réservation obligatoire;LIMOGES BENEDICTINS;87592006;PARIS BERCY;87686667;2;Tarif Normal;assise;15.0;65.0
Intercités de jour à réservation obligatoire;LA SOUTERRAINE;87592378;TOULOUSE MATABIAU;87611004;2;Tarif Normal;assise;15.0;60.0
Intercités de jour à réservation obligatoire;MARMANDE;87586545;TOULOUSE MATABIAU;87611004;2;Tarif Normal;assise;12.0;35.0
Intercités de jour à réservation obligatoire;MARSEILLE ST CHARLES;87751008;MONTAUBAN VILLE BOURBON;87611244;2;Tarif Normal;assise;19.0;70.0
Intercités de jour à réservation obligatoire;LES AUBRAIS;87543017;SOUILLAC;87594333;2;Tarif Normal;assise;20.0;67.0
Intercités de jour à réservation obligatoire;MONTAUBAN VILLE BOURBON;87611244;SETE;87773200;2;Tarif Normal;assise;15.0;45.0
Intercités de jour à réservation obligatoire;MARSEILLE ST CHARLES;87751008;MONTPELLIER SUD DE FRANCE;87688887;2;Tarif Normal;assise;12.0;35.0
Intercités de jour à réservation obligatoire;LES AUBRAIS;87543017;TOULOUSE MATABIAU;87611004;2;Tarif Normal;assise;15.0;84.0
Intercités de jour à réservation obligatoire;MONTAUBAN VILLE BOURBON;87611244;VIERZON VILLE;87576009;2;Tarif Normal;assise;20.0;72.0
Intercités de jour à réservation obligatoire;MARSEILLE ST CHARLES;87751008;SETE;87773200;2;Tarif Normal;assise;15.0;45.0
Intercités de jour à réservation obligatoire;LIMOGES BENEDICTINS;87592006;CAHORS;87613000;2;Tarif Normal;assise;10.0;38.0
Intercités de jour à réservation obligatoire;MONTPELLIER SAINT-ROCH;87773002;TOULOUSE MATABIAU;87611004;2;Tarif Normal;assise;19.0;45.0
Intercités de jour à réservation obligatoire;MONTAUBAN VILLE BOURBON;87611244;CAHORS;87613000;2;Tarif Normal;assise;8.3;16.0
Intercités de jour à réservation obligatoire;LIMOGES BENEDICTINS;87592006;PARIS GARE DE LYON;87686006;2;Tarif Normal;assise;15.0;65.0
Intercités de jour à réservation obligatoire;NARBONNE;87781104;TOULOUSE MATABIAU;87611004;2;Tarif Normal;assise;12.0;35.0
Intercités de jour à réservation obligatoire;MONTPELLIER SAINT-ROCH;87773002;MARMANDE;87586545;2;Tarif Normal;assise;19.0;70.0
Intercités de jour à réservation obligatoire;MARSEILLE ST CHARLES;87751008;MARMANDE;87586545;2;Tarif Normal;assise;19.0;85.0
Intercités de jour à réservation obligatoire;NEVERS;87696005;ST GERMAIN DES FOSSES;87732206;2;Tarif Normal;assise;12.100000000000001;23.5
Intercités de jour à réservation obligatoire;NARBONNE;87781104;SETE;87773200;2;Tarif Normal;assise;9.0;19.0
Intercités de jour à réservation obligatoire;MONTAUBAN VILLE BOURBON;87611244;NARBONNE;87781104;2;Tarif Normal;assise;15.0;45.0
Intercités de jour à réservation obligatoire;PARIS AUSTERLITZ;87547000;ST GERMAIN DES FOSSES;87732206;2;Tarif Normal;assise;15.0;57.0
Intercités de jour à réservation obligatoire;NEVERS;87696005;PARIS AUSTERLITZ;87547000;2;Tarif Normal;assise;15.0;43.0
Intercités de jour à réservation obligatoire;MONTPELLIER SUD DE FRANCE;87688887;NARBONNE;87781104;2;Tarif Normal;assise;12.0;29.0
Intercités de jour à réservation obligatoire;PARIS BERCY;87686667;SOUILLAC;87594333;2;Tarif Normal;assise;15.0;76.0
Intercités de jour à réservation obligatoire;NIMES;87775007;ARLES;87753657;2;Tarif Normal;assise;7.0;15.0
Intercités de jour à réservation obligatoire;NIMES;87775007;MARMANDE;87586545;2;Tarif Normal;assise;19.0;70.0
Intercités de jour à réservation obligatoire;PARIS BERCY;87686667;VIERZON VILLE;87576009;2;Tarif Normal;assise;15.0;35.0
Intercités de jour à réservation obligatoire;NIMES;87775007;MARSEILLE ST CHARLES;87751008;2;Tarif Normal;assise;12.0;29.0
Intercités de jour à réservation obligatoire;NIMES;87775007;MONTAUBAN VILLE BOURBON;87611244;2;Tarif Normal;assise;19.0;55.0
Intercités de jour à réservation obligatoire;PARIS GARE DE LYON;87686006;MONTAUBAN VILLE BOURBON;87611244;2;Tarif Normal;assise;15.0;87.0
Intercités de jour à réservation obligatoire;NIMES;87775007;MONTPELLIER SAINT-ROCH;87773002;2;Tarif Normal;assise;7.0;15.0
Intercités de jour à réservation obligatoire;PARIS AUSTERLITZ;87547000;TOULOUSE MATABIAU;87611004;2;Tarif Normal;assise;15.0;91.0
Intercités de jour à réservation obligatoire;PARIS GARE DE LYON;87686006;VICHY;87732008;2;Tarif Normal;assise;15.0;57.0
Intercités de jour à réservation obligatoire;NIMES;87775007;NARBONNE;87781104;2;Tarif Normal;assise;12.0;29.0
Intercités de jour à réservation obligatoire;PARIS BERCY;87686667;CAHORS;87613000;2;Tarif Normal;assise;15.0;81.0
Intercités de jour à réservation obligatoire;PARIS GARE DE LYON;87686006;VIERZON VILLE;87576009;2;Tarif Normal;assise;15.0;35.0
Intercités de jour à réservation obligatoire;PARIS AUSTERLITZ;87547000;MONTAUBAN VILLE BOURBON;87611244;2;Tarif Normal;assise;15.0;87.0
Intercités de jour à réservation obligatoire;PARIS BERCY;87686667;MONTAUBAN VILLE BOURBON;87611244;2;Tarif Normal;assise;15.0;87.0
Intercités de jour à réservation obligatoire;RIOM CHATEL GUYON;87734053;SAINCAIZE;87696260;2;Tarif Normal;assise;10.0;30.0
Intercités de jour à réservation obligatoire;PARIS AUSTERLITZ;87547000;RIOM CHATEL GUYON;87734053;2;Tarif Normal;assise;15.0;65.0
Intercités de jour à réservation obligatoire;PARIS BERCY;87686667;MOULINS SUR ALLIER;87696328;2;Tarif Normal;assise;15.0;52.0
Intercités de jour à réservation obligatoire;ST GERMAIN DES FOSSES;87732206;MOULINS SUR ALLIER;87696328;2;Tarif Normal;assise;6.300000000000001;12.100000000000001
Intercités de jour à réservation obligatoire;PARIS AUSTERLITZ;87547000;SAINCAIZE;87696260;2;Tarif Normal;assise;15.0;46.0
Intercités de jour à réservation obligatoire;PARIS BERCY;87686667;RIOM CHATEL GUYON;87734053;2;Tarif Normal;assise;15.0;65.0
Intercités de jour à réservation obligatoire;UZERCHE;87594200;LA SOUTERRAINE;87592378;2;Tarif Normal;assise;13.0;25.0
Intercités de jour à réservation obligatoire;PARIS AUSTERLITZ;87547000;VICHY;87732008;2;Tarif Normal;assise;15.0;57.0
Intercités de jour à réservation obligatoire;PARIS GARE DE LYON;87686006;CAHORS;87613000;2;Tarif Normal;assise;15.0;81.0
Intercités de jour à réservation obligatoire;VIERZON VILLE;87576009;TOULOUSE MATABIAU;87611004;2;Tarif Normal;assise;15.0;77.0
Intercités de jour à réservation obligatoire;PARIS BERCY;87686667;SAINCAIZE;87696260;2;Tarif Normal;assise;15.0;46.0
Intercités de jour à réservation obligatoire;PARIS GARE DE LYON;87686006;SAINCAIZE;87696260;2;Tarif Normal;assise;15.0;46.0
Intercités de jour à réservation obligatoire;AGEN;87586008;ARLES;87753657;1;Tarif Normal;assise;23.0;103.0
Intercités de jour à réservation obligatoire;PARIS GARE DE LYON;87686006;RIOM CHATEL GUYON;87734053;2;Tarif Normal;assise;15.0;65.0
Intercités de jour à réservation obligatoire;RIOM CHATEL GUYON;87734053;ST GERMAIN DES FOSSES;87732206;2;Tarif Normal;assise;7.2;14.0
Intercités de jour à réservation obligatoire;ARGENTON SUR CREUSE;87597120;LES AUBRAIS;87543017;1;Tarif Normal;assise;13.0;55.0
Intercités de jour à réservation obligatoire;PARIS GARE DE LYON;87686006;ST GERMAIN DES FOSSES;87732206;2;Tarif Normal;assise;15.0;57.0
Intercités de jour à réservation obligatoire;SETE;87773200;TOULOUSE MATABIAU;87611004;2;Tarif Normal;assise;15.0;45.0
Intercités de jour à réservation obligatoire;ARLES;87753657;MONTAUBAN VILLE BOURBON;87611244;1;Tarif Normal;assise;23.0;98.0
Intercités de jour à réservation obligatoire;RIOM CHATEL GUYON;87734053;VICHY;87732008;2;Tarif Normal;assise;6.300000000000001;12.100000000000001
Intercités de jour à réservation obligatoire;ST GERMAIN DES FOSSES;87732206;SAINCAIZE;87696260;2;Tarif Normal;assise;10.0;23.5
Intercités de jour à réservation obligatoire;BEZIERS;87781005;ARLES;87753657;1;Tarif Normal;assise;15.0;56.0
Intercités de jour à réservation obligatoire;SAINCAIZE;87696260;MOULINS SUR ALLIER;87696328;2;Tarif Normal;assise;8.1;15.5
Intercités de jour à réservation obligatoire;UZERCHE;87594200;BRIVE LA GAILLARDE;87594002;2;Tarif Normal;assise;6.5;12.700000000000001
Intercités de jour à réservation obligatoire;BEZIERS;87781005;MONTPELLIER SUD DE FRANCE;87688887;1;Tarif Normal;assise;11.0;29.0
Intercités de jour à réservation obligatoire;SOUILLAC;87594333;VIERZON VILLE;87576009;2;Tarif Normal;assise;15.0;55.0
Intercités de jour à réservation obligatoire;UZERCHE;87594200;CHATEAUROUX;87597005;2;Tarif Normal;assise;10.0;36.0
Intercités de jour à réservation obligatoire;BEZIERS;87781005;NIMES;87775007;1;Tarif Normal;assise;11.0;35.0
Intercités de jour à réservation obligatoire;UZERCHE;87594200;CAHORS;87613000;2;Tarif Normal;assise;14.600000000000001;28.0
Intercités de jour à réservation obligatoire;UZERCHE;87594200;TOULOUSE MATABIAU;87611004;2;Tarif Normal;assise;10.0;45.0
Intercités de jour à réservation obligatoire;BORDEAUX ST JEAN;87581009;NARBONNE;87781104;1;Tarif Normal;assise;23.0;98.0
Intercités de jour à réservation obligatoire;UZERCHE;87594200;CAUSSADE TARN ET GARONNE;87613356;2;Tarif Normal;assise;10.0;34.0
Intercités de jour à réservation obligatoire;AGEN;87586008;MARSEILLE ST CHARLES;87751008;1;Tarif Normal;assise;24.0;128.0
Intercités de jour à réservation obligatoire;BRIVE LA GAILLARDE;87594002;CAHORS;87613000;1;Tarif Normal;assise;13.9;33.0
Intercités de jour à réservation obligatoire;UZERCHE;87594200;ISSOUDUN;87597062;2;Tarif Normal;assise;10.0;40.0
Intercités de jour à réservation obligatoire;AGEN;87586008;MONTAUBAN VILLE BOURBON;87611244;1;Tarif Normal;assise;11.0;29.0
Intercités de jour à réservation obligatoire;BRIVE LA GAILLARDE;87594002;CHATEAUROUX;87597005;1;Tarif Normal;assise;18.0;63.0
Intercités de jour à réservation obligatoire;UZERCHE;87594200;LIMOGES BENEDICTINS;87592006;2;Tarif Normal;assise;8.200000000000001;15.5
Intercités de jour à réservation obligatoire;AGEN;87586008;NARBONNE;87781104;1;Tarif Normal;assise;18.0;66.0
Intercités de jour à réservation obligatoire;BRIVE LA GAILLARDE;87594002;PARIS AUSTERLITZ;87547000;1;Tarif Normal;assise;19.0;108.0
Intercités de jour à réservation obligatoire;UZERCHE;87594200;VIERZON VILLE;87576009;2;Tarif Normal;assise;15.0;47.0
Intercités de jour à réservation obligatoire;ARGENTON SUR CREUSE;87597120;TOULOUSE MATABIAU;87611004;1;Tarif Normal;assise;24.0;100.0
Intercités de jour à réservation obligatoire;BRIVE LA GAILLARDE;87594002;SOUILLAC;87594333;1;Tarif Normal;assise;8.3;22.0
Intercités de jour à réservation obligatoire;AGEN;87586008;TOULOUSE MATABIAU;87611004;1;Tarif Normal;assise;14.0;39.0
Intercités de jour à réservation obligatoire;ARGENTON SUR CREUSE;87597120;VIERZON VILLE;87576009;1;Tarif Normal;assise;12.8;30.0
Intercités de jour à réservation obligatoire;CARCASSONNE;87615286;MONTAUBAN VILLE BOURBON;87611244;1;Tarif Normal;assise;14.0;39.0
Intercités de jour à réservation obligatoire;ARGENTON SUR CREUSE;87597120;PARIS BERCY;87686667;1;Tarif Normal;assise;18.0;69.0
Intercités de jour à réservation obligatoire;BEZIERS;87781005;CARCASSONNE;87615286;1;Tarif Normal;assise;11.0;29.0
Intercités de jour à réservation obligatoire;CAUSSADE TARN ET GARONNE;87613356;LA SOUTERRAINE;87592378;1;Tarif Normal;assise;18.0;72.0
Intercités de jour à réservation obligatoire;ARGENTON SUR CREUSE;87597120;SOUILLAC;87594333;1;Tarif Normal;assise;13.0;63.0
Intercités de jour à réservation obligatoire;BEZIERS;87781005;MONTPELLIER SAINT-ROCH;87773002;1;Tarif Normal;assise;11.0;29.0
Intercités de jour à réservation obligatoire;CAUSSADE TARN ET GARONNE;87613356;LES AUBRAIS;87543017;1;Tarif Normal;assise;29.0;110.0
Intercités de jour à réservation obligatoire;ARLES;87753657;MARMANDE;87586545;1;Tarif Normal;assise;24.0;113.0
Intercités de jour à réservation obligatoire;BEZIERS;87781005;SETE;87773200;1;Tarif Normal;assise;9.0;25.0
Intercités de jour à réservation obligatoire;CAUSSADE TARN ET GARONNE;87613356;MONTAUBAN VILLE BOURBON;87611244;1;Tarif Normal;assise;6.1000000000000005;17.5
Intercités de jour à réservation obligatoire;BEZIERS;87781005;MARMANDE;87586545;1;Tarif Normal;assise;23.0;88.0
Intercités de jour à réservation obligatoire;BEZIERS;87781005;TOULOUSE MATABIAU;87611004;1;Tarif Normal;assise;15.0;56.0
Intercités de jour à réservation obligatoire;CAUSSADE TARN ET GARONNE;87613356;PARIS GARE DE LYON;87686006;1;Tarif Normal;assise;19.0;118.0
Intercités de jour à réservation obligatoire;BEZIERS;87781005;MONTAUBAN VILLE BOURBON;87611244;1;Tarif Normal;assise;18.0;66.0
Intercités de jour à réservation obligatoire;BORDEAUX ST JEAN;87581009;MONTAUBAN VILLE BOURBON;87611244;1;Tarif Normal;assise;15.0;56.0
Intercités de jour à réservation obligatoire;CAUSSADE TARN ET GARONNE;87613356;SOUILLAC;87594333;1;Tarif Normal;assise;13.9;33.0
Intercités de jour à réservation obligatoire;BORDEAUX ST JEAN;87581009;ARLES;87753657;1;Tarif Normal;assise;24.0;128.0
Intercités de jour à réservation obligatoire;BORDEAUX ST JEAN;87581009;MONTPELLIER SAINT-ROCH;87773002;1;Tarif Normal;assise;24.0;113.0
Intercités de jour à réservation obligatoire;CHATEAUROUX;87597005;CAHORS;87613000;1;Tarif Normal;assise;19.0;88.0
Intercités de jour à réservation obligatoire;BORDEAUX ST JEAN;87581009;MARSEILLE ST CHARLES;87751008;1;Tarif Normal;assise;24.0;138.0
Intercités de jour à réservation obligatoire;BRIVE LA GAILLARDE;87594002;LES AUBRAIS;87543017;1;Tarif Normal;assise;19.0;93.0
Intercités de jour à réservation obligatoire;CHATEAUROUX;87597005;GOURDON;87613141;1;Tarif Normal;assise;18.0;71.0
Intercités de jour à réservation obligatoire;BORDEAUX ST JEAN;87581009;MONTPELLIER SUD DE FRANCE;87688887;1;Tarif Normal;assise;24.0;113.0
Intercités de jour à réservation obligatoire;CARCASSONNE;87615286;ARLES;87753657;1;Tarif Normal;assise;18.0;66.0
Intercités de jour à réservation obligatoire;CHATEAUROUX;87597005;LES AUBRAIS;87543017;1;Tarif Normal;assise;16.5;39.0
Intercités de jour à réservation obligatoire;BORDEAUX ST JEAN;87581009;NIMES;87775007;1;Tarif Normal;assise;24.0;128.0
Intercités de jour à réservation obligatoire;CARCASSONNE;87615286;MARMANDE;87586545;1;Tarif Normal;assise;18.0;66.0
Intercités de jour à réservation obligatoire;GOURDON;87613141;PARIS AUSTERLITZ;87547000;1;Tarif Normal;assise;19.0;110.0
Intercités de jour à réservation obligatoire;BORDEAUX ST JEAN;87581009;TOULOUSE MATABIAU;87611004;1;Tarif Normal;assise;18.0;66.0
Intercités de jour à réservation obligatoire;CARCASSONNE;87615286;MONTPELLIER SAINT-ROCH;87773002;1;Tarif Normal;assise;15.0;56.0
Intercités de jour à réservation obligatoire;GOURDON;87613141;TOULOUSE MATABIAU;87611004;1;Tarif Normal;assise;13.0;51.0
Intercités de jour à réservation obligatoire;BRIVE LA GAILLARDE;87594002;LA SOUTERRAINE;87592378;1;Tarif Normal;assise;13.0;51.0
Intercités de jour à réservation obligatoire;CARCASSONNE;87615286;TOULOUSE MATABIAU;87611004;1;Tarif Normal;assise;11.0;29.0
Intercités de jour à réservation obligatoire;ISSOUDUN;87597062;CAHORS;87613000;1;Tarif Normal;assise;19.0;92.0
Intercités de jour à réservation obligatoire;CARCASSONNE;87615286;MONTPELLIER SUD DE FRANCE;87688887;1;Tarif Normal;assise;15.0;56.0
Intercités de jour à réservation obligatoire;CHATEAUROUX;87597005;TOULOUSE MATABIAU;87611004;1;Tarif Normal;assise;19.0;103.0
Intercités de jour à réservation obligatoire;ISSOUDUN;87597062;CAUSSADE TARN ET GARONNE;87613356;1;Tarif Normal;assise;24.0;97.0
Intercités de jour à réservation obligatoire;CARCASSONNE;87615286;SETE;87773200;1;Tarif Normal;assise;14.0;39.0
Intercités de jour à réservation obligatoire;CLERMONT FERRAND;87734004;MOULINS SUR ALLIER;87696328;1;Tarif Normal;assise;14.4;34.0
Intercités de jour à réservation obligatoire;ISSOUDUN;87597062;MONTAUBAN VILLE BOURBON;87611244;1;Tarif Normal;assise;24.0;101.0
Intercités de jour à réservation obligatoire;CAUSSADE TARN ET GARONNE;87613356;TOULOUSE MATABIAU;87611004;1;Tarif Normal;assise;11.4;28.0
Intercités de jour à réservation obligatoire;CLERMONT FERRAND;87734004;PARIS BERCY;87686667;1;Tarif Normal;assise;19.0;98.0
Intercités de jour à réservation obligatoire;ISSOUDUN;87597062;SOUILLAC;87594333;1;Tarif Normal;assise;19.0;84.0
Intercités de jour à réservation obligatoire;CHATEAUROUX;87597005;ARGENTON SUR CREUSE;87597120;1;Tarif Normal;assise;7.6000000000000005;20.5
Intercités de jour à réservation obligatoire;CLERMONT FERRAND;87734004;PARIS GARE DE LYON;87686006;1;Tarif Normal;assise;19.0;98.0
Intercités de jour à réservation obligatoire;ISSOUDUN;87597062;VIERZON VILLE;87576009;1;Tarif Normal;assise;8.0;21.5
Intercités de jour à réservation obligatoire;CHATEAUROUX;87597005;PARIS GARE DE LYON;87686006;1;Tarif Normal;assise;18.0;65.0
Intercités de jour à réservation obligatoire;GOURDON;87613141;CAHORS;87613000;1;Tarif Normal;assise;8.5;22.5
Intercités de jour à réservation obligatoire;LA SOUTERRAINE;87592378;PARIS GARE DE LYON;87686006;1;Tarif Normal;assise;19.0;87.0
Intercités de jour à réservation obligatoire;CHATEAUROUX;87597005;SOUILLAC;87594333;1;Tarif Normal;assise;18.0;68.0
Intercités de jour à réservation obligatoire;GOURDON;87613141;SOUILLAC;87594333;1;Tarif Normal;assise;6.1000000000000005;17.5
Intercités de jour à réservation obligatoire;LES AUBRAIS;87543017;PARIS BERCY;87686667;1;Tarif Normal;assise;15.5;35.0
Intercités de jour à réservation obligatoire;CLERMONT FERRAND;87734004;NEVERS;87696005;1;Tarif Normal;assise;13.0;54.0
Intercités de jour à réservation obligatoire;GOURDON;87613141;VIERZON VILLE;87576009;1;Tarif Normal;assise;19.0;90.0
Intercités de jour à réservation obligatoire;LES AUBRAIS;87543017;SOUILLAC;87594333;1;Tarif Normal;assise;24.0;100.0
Intercités de jour à réservation obligatoire;GOURDON;87613141;PARIS BERCY;87686667;1;Tarif Normal;assise;19.0;110.0
Intercités de jour à réservation obligatoire;ISSOUDUN;87597062;PARIS AUSTERLITZ;87547000;1;Tarif Normal;assise;18.0;61.0
Intercités de jour à réservation obligatoire;LIMOGES BENEDICTINS;87592006;BRIVE LA GAILLARDE;87594002;1;Tarif Normal;assise;13.9;33.0
Intercités de jour à réservation obligatoire;GOURDON;87613141;PARIS GARE DE LYON;87686006;1;Tarif Normal;assise;19.0;110.0
Intercités de jour à réservation obligatoire;ISSOUDUN;87597062;PARIS BERCY;87686667;1;Tarif Normal;assise;18.0;61.0
Intercités de jour à réservation obligatoire;LIMOGES BENEDICTINS;87592006;ISSOUDUN;87597062;1;Tarif Normal;assise;13.0;54.0
Intercités de jour à réservation obligatoire;ISSOUDUN;87597062;GOURDON;87613141;1;Tarif Normal;assise;19.0;87.0
Intercités de jour à réservation obligatoire;LA SOUTERRAINE;87592378;VIERZON VILLE;87576009;1;Tarif Normal;assise;15.0;38.0
Intercités de jour à réservation obligatoire;LIMOGES BENEDICTINS;87592006;SOUILLAC;87594333;1;Tarif Normal;assise;16.5;38.0
Intercités de jour à réservation obligatoire;ISSOUDUN;87597062;LA SOUTERRAINE;87592378;1;Tarif Normal;assise;14.100000000000001;33.0
Intercités de jour à réservation obligatoire;LES AUBRAIS;87543017;LA SOUTERRAINE;87592378;1;Tarif Normal;assise;13.0;61.0
Intercités de jour à réservation obligatoire;MARMANDE;87586545;NARBONNE;87781104;1;Tarif Normal;assise;23.0;88.0
Intercités de jour à réservation obligatoire;ISSOUDUN;87597062;PARIS GARE DE LYON;87686006;1;Tarif Normal;assise;18.0;61.0
Intercités de jour à réservation obligatoire;LES AUBRAIS;87543017;MONTAUBAN VILLE BOURBON;87611244;1;Tarif Normal;assise;29.0;113.0
Intercités de jour à réservation obligatoire;MARMANDE;87586545;TOULOUSE MATABIAU;87611004;1;Tarif Normal;assise;15.0;56.0
Intercités de jour à réservation obligatoire;LA SOUTERRAINE;87592378;CAHORS;87613000;1;Tarif Normal;assise;18.0;67.0
Intercités de jour à réservation obligatoire;LIMOGES BENEDICTINS;87592006;CAUSSADE TARN ET GARONNE;87613356;1;Tarif Normal;assise;13.0;65.0
Intercités de jour à réservation obligatoire;MONTPELLIER SAINT-ROCH;87773002;TOULOUSE MATABIAU;87611004;1;Tarif Normal;assise;22.0;66.0
Intercités de jour à réservation obligatoire;LA SOUTERRAINE;87592378;SOUILLAC;87594333;1;Tarif Normal;assise;13.0;57.0
Intercités de jour à réservation obligatoire;LIMOGES BENEDICTINS;87592006;VIERZON VILLE;87576009;1;Tarif Normal;assise;18.0;59.0
Intercités de jour à réservation obligatoire;MONTPELLIER SUD DE FRANCE;87688887;TOULOUSE MATABIAU;87611004;1;Tarif Normal;assise;22.0;66.0
Intercités de jour à réservation obligatoire;LA SOUTERRAINE;87592378;TOULOUSE MATABIAU;87611004;1;Tarif Normal;assise;19.0;93.0
Intercités de jour à réservation obligatoire;MARSEILLE ST CHARLES;87751008;SETE;87773200;1;Tarif Normal;assise;18.0;66.0
Intercités de jour à réservation obligatoire;NARBONNE;87781104;TOULOUSE MATABIAU;87611004;1;Tarif Normal;assise;15.0;56.0
Intercités de jour à réservation obligatoire;LES AUBRAIS;87543017;PARIS GARE DE LYON;87686006;1;Tarif Normal;assise;15.5;35.0
Intercités de jour à réservation obligatoire;MONTPELLIER SAINT-ROCH;87773002;MARSEILLE ST CHARLES;87751008;1;Tarif Normal;assise;15.0;56.0
Intercités de jour à réservation obligatoire;NEVERS;87696005;MOULINS SUR ALLIER;87696328;1;Tarif Normal;assise;10.200000000000001;25.5
Intercités de jour à réservation obligatoire;LES AUBRAIS;87543017;TOULOUSE MATABIAU;87611004;1;Tarif Normal;assise;19.0;117.0
Intercités de jour à réservation obligatoire;NEVERS;87696005;ST GERMAIN DES FOSSES;87732206;1;Tarif Normal;assise;14.100000000000001;33.0
Intercités de jour à réservation obligatoire;NIMES;87775007;MONTPELLIER SAINT-ROCH;87773002;1;Tarif Normal;assise;9.0;25.0
Intercités de jour à réservation obligatoire;LES AUBRAIS;87543017;VIERZON VILLE;87576009;1;Tarif Normal;assise;11.9;29.0
Intercités de jour à réservation obligatoire;NIMES;87775007;MARMANDE;87586545;1;Tarif Normal;assise;23.0;103.0
Intercités de jour à réservation obligatoire;NIMES;87775007;TOULOUSE MATABIAU;87611004;1;Tarif Normal;assise;22.0;76.0
Intercités de jour à réservation obligatoire;LIMOGES BENEDICTINS;87592006;CAHORS;87613000;1;Tarif Normal;assise;13.0;59.0
Intercités de jour à réservation obligatoire;NIMES;87775007;SETE;87773200;1;Tarif Normal;assise;11.0;29.0
Intercités de jour à réservation obligatoire;PARIS AUSTERLITZ;87547000;SOUILLAC;87594333;1;Tarif Normal;assise;19.0;109.0
Intercités de jour à réservation obligatoire;LIMOGES BENEDICTINS;87592006;LA SOUTERRAINE;87592378;1;Tarif Normal;assise;10.200000000000001;25.5
Intercités de jour à réservation obligatoire;PARIS AUSTERLITZ;87547000;MONTAUBAN VILLE BOURBON;87611244;1;Tarif Normal;assise;19.0;120.0
Intercités de jour à réservation obligatoire;PARIS AUSTERLITZ;87547000;TOULOUSE MATABIAU;87611004;1;Tarif Normal;assise;20.0;134.0
Intercités de jour à réservation obligatoire;MARMANDE;87586545;MONTAUBAN VILLE BOURBON;87611244;1;Tarif Normal;assise;14.0;39.0
Intercités de jour à réservation obligatoire;PARIS AUSTERLITZ;87547000;ST GERMAIN DES FOSSES;87732206;1;Tarif Normal;assise;19.0;90.0
Intercités de jour à réservation obligatoire;PARIS AUSTERLITZ;87547000;VIERZON VILLE;87576009;1;Tarif Normal;assise;18.0;56.0
Intercités de jour à réservation obligatoire;MARSEILLE ST CHARLES;87751008;MONTAUBAN VILLE BOURBON;87611244;1;Tarif Normal;assise;23.0;103.0
Intercités de jour à réservation obligatoire;PARIS AUSTERLITZ;87547000;VICHY;87732008;1;Tarif Normal;assise;19.0;90.0
Intercités de jour à réservation obligatoire;PARIS BERCY;87686667;CAHORS;87613000;1;Tarif Normal;assise;19.0;114.0
Intercités de jour à réservation obligatoire;MARSEILLE ST CHARLES;87751008;TOULOUSE MATABIAU;87611004;1;Tarif Normal;assise;23.0;103.0
Intercités de jour à réservation obligatoire;PARIS BERCY;87686667;VIERZON VILLE;87576009;1;Tarif Normal;assise;18.0;56.0
Intercités de jour à réservation obligatoire;PARIS BERCY;87686667;SAINCAIZE;87696260;1;Tarif Normal;assise;18.0;67.0
Intercités de jour à réservation obligatoire;MONTAUBAN VILLE BOURBON;87611244;SETE;87773200;1;Tarif Normal;assise;18.0;66.0
Intercités de jour à réservation obligatoire;PARIS GARE DE LYON;87686006;CAHORS;87613000;1;Tarif Normal;assise;19.0;114.0
Intercités de jour à réservation obligatoire;PARIS BERCY;87686667;ST GERMAIN DES FOSSES;87732206;1;Tarif Normal;assise;19.0;90.0
Intercités de jour à réservation obligatoire;MONTAUBAN VILLE BOURBON;87611244;VIERZON VILLE;87576009;1;Tarif Normal;assise;24.0;105.0
Intercités de jour à réservation obligatoire;PARIS GARE DE LYON;87686006;MONTAUBAN VILLE BOURBON;87611244;1;Tarif Normal;assise;19.0;120.0
Intercités de jour à réservation obligatoire;PARIS GARE DE LYON;87686006;VIERZON VILLE;87576009;1;Tarif Normal;assise;18.0;56.0
Intercités de jour à réservation obligatoire;MONTPELLIER SAINT-ROCH;87773002;MONTAUBAN VILLE BOURBON;87611244;1;Tarif Normal;assise;18.0;66.0
Intercités de jour à réservation obligatoire;PARIS GARE DE LYON;87686006;SOUILLAC;87594333;1;Tarif Normal;assise;19.0;109.0
Intercités de jour à réservation obligatoire;SOUILLAC;87594333;CAHORS;87613000;1;Tarif Normal;assise;10.3;26.0
Intercités de jour à réservation obligatoire;NEVERS;87696005;PARIS BERCY;87686667;1;Tarif Normal;assise;18.0;64.0
Intercités de jour à réservation obligatoire;PARIS GARE DE LYON;87686006;TOULOUSE MATABIAU;87611004;1;Tarif Normal;assise;20.0;134.0
Intercités de jour à réservation obligatoire;SOUILLAC;87594333;VIERZON VILLE;87576009;1;Tarif Normal;assise;19.0;88.0
Intercités de jour à réservation obligatoire;NEVERS;87696005;PARIS GARE DE LYON;87686006;1;Tarif Normal;assise;18.0;64.0
Intercités de jour à réservation obligatoire;SETE;87773200;TOULOUSE MATABIAU;87611004;1;Tarif Normal;assise;18.0;66.0
Intercités de jour à réservation obligatoire;UZERCHE;87594200;CHATEAUROUX;87597005;1;Tarif Normal;assise;13.0;57.0
Intercités de jour à réservation obligatoire;NIMES;87775007;ARLES;87753657;1;Tarif Normal;assise;9.0;25.0
Intercités de jour à réservation obligatoire;ST GERMAIN DES FOSSES;87732206;SAINCAIZE;87696260;1;Tarif Normal;assise;12.0;33.0
Intercités de jour à réservation obligatoire;UZERCHE;87594200;LIMOGES BENEDICTINS;87592006;1;Tarif Normal;assise;10.200000000000001;25.5
Intercités de jour à réservation obligatoire;NIMES;87775007;NARBONNE;87781104;1;Tarif Normal;assise;14.0;39.0
Intercités de jour à réservation obligatoire;UZERCHE;87594200;ARGENTON SUR CREUSE;87597120;1;Tarif Normal;assise;13.0;53.0
Intercités de jour à réservation obligatoire;UZERCHE;87594200;PARIS AUSTERLITZ;87547000;1;Tarif Normal;assise;19.0;101.0
Intercités de jour à réservation obligatoire;PARIS BERCY;87686667;TOULOUSE MATABIAU;87611004;1;Tarif Normal;assise;20.0;134.0
Intercités de jour à réservation obligatoire;UZERCHE;87594200;BRIVE LA GAILLARDE;87594002;1;Tarif Normal;assise;8.5;22.5
Intercités de jour à réservation obligatoire;UZERCHE;87594200;PARIS BERCY;87686667;1;Tarif Normal;assise;19.0;101.0
Intercités de jour à réservation obligatoire;PARIS GARE DE LYON;87686006;ST GERMAIN DES FOSSES;87732206;1;Tarif Normal;assise;19.0;90.0
Intercités de jour à réservation obligatoire;UZERCHE;87594200;CAHORS;87613000;1;Tarif Normal;assise;16.5;38.0
Intercités de jour à réservation obligatoire;VIERZON VILLE;87576009;CAHORS;87613000;1;Tarif Normal;assise;19.0;96.0
Intercités de jour à réservation obligatoire;RIOM CHATEL GUYON;87734053;SAINCAIZE;87696260;1;Tarif Normal;assise;12.0;40.0
Intercités de jour à réservation obligatoire;UZERCHE;87594200;ISSOUDUN;87597062;1;Tarif Normal;assise;13.0;61.0
Intercités de jour sans réservation obligatoire;ANGERS ST LAUD;87484006;LYON VAISE;87721001;2;Tarif Normal;assise;15.0;79.0
Intercités de jour à réservation obligatoire;SAINCAIZE;87696260;MOULINS SUR ALLIER;87696328;1;Tarif Normal;assise;10.100000000000001;25.5
Intercités de jour à réservation obligatoire;UZERCHE;87594200;PARIS GARE DE LYON;87686006;1;Tarif Normal;assise;19.0;101.0
Intercités de jour sans réservation obligatoire;ANGERS ST LAUD;87484006;MOULINS SUR ALLIER;87696328;2;Tarif Normal;assise;20.0;55.0
Intercités de jour à réservation obligatoire;SOUILLAC;87594333;TOULOUSE MATABIAU;87611004;1;Tarif Normal;assise;16.5;55.0
Intercités de jour à réservation obligatoire;UZERCHE;87594200;SOUILLAC;87594333;1;Tarif Normal;assise;11.700000000000001;28.5
Intercités de jour sans réservation obligatoire;ANGERS ST LAUD;87484006;NEVERS;87696005;2;Tarif Normal;assise;15.0;51.0
Intercités de jour à réservation obligatoire;ST GERMAIN DES FOSSES;87732206;MOULINS SUR ALLIER;87696328;1;Tarif Normal;assise;8.3;22.0
Intercités de jour sans réservation obligatoire;ANGERS ST LAUD;87484006;LYON PERRACHE;87722025;2;Tarif Normal;assise;15.0;79.0
Intercités de jour sans réservation obligatoire;ARVANT;87734251;BANASSAC LA CANOURGUE;87783324;2;Tarif Normal;assise;10.0;29.0
Intercités de jour à réservation obligatoire;UZERCHE;87594200;GOURDON;87613141;1;Tarif Normal;assise;13.600000000000001;32.0
Intercités de jour sans réservation obligatoire;ANGERS ST LAUD;87484006;ST GERMAIN DES FOSSES;87732206;2;Tarif Normal;assise;20.0;62.0
Intercités de jour sans réservation obligatoire;ARVANT;87734251;CAMPAGNAC ST GENIEZ;87783340;2;Tarif Normal;assise;10.0;30.0
Intercités de jour à réservation obligatoire;UZERCHE;87594200;MONTAUBAN VILLE BOURBON;87611244;1;Tarif Normal;assise;13.0;58.0
Intercités de jour sans réservation obligatoire;ANGERS ST LAUD;87484006;ST PIERRE DES CORPS;87571240;2;Tarif Normal;assise;11.4;20.5
Intercités de jour sans réservation obligatoire;ARVANT;87734251;MILLAU;87783001;2;Tarif Normal;assise;10.0;36.0
Intercités de jour à réservation obligatoire;VIERZON VILLE;87576009;TOULOUSE MATABIAU;87611004;1;Tarif Normal;assise;20.0;120.0
Intercités de jour sans réservation obligatoire;ANGERS ST LAUD;87484006;VIERZON VILLE;87576009;2;Tarif Normal;assise;10.0;36.0
Intercités de jour sans réservation obligatoire;AUMONT AUBRAC;87783266;CAMPAGNAC ST GENIEZ;87783340;2;Tarif Normal;assise;8.7;15.5
Intercités de jour sans réservation obligatoire;ANGERS ST LAUD;87484006;LYON PART DIEU;87723197;2;Tarif Normal;assise;15.0;79.0
Intercités de jour sans réservation obligatoire;ARVANT;87734251;LE MONASTIER;87783308;2;Tarif Normal;assise;10.0;26.0
Intercités de jour sans réservation obligatoire;AUMONT AUBRAC;87783266;MILLAU;87783001;2;Tarif Normal;assise;9.3;18.0
Intercités de jour sans réservation obligatoire;ANGERS ST LAUD;87484006;ROANNE;87726802;2;Tarif Normal;assise;20.0;67.0
Intercités de jour sans réservation obligatoire;ARVANT;87734251;MAGALAS;87781666;2;Tarif Normal;assise;15.0;50.0
Intercités de jour sans réservation obligatoire;AUMONT AUBRAC;87783266;ST ROME DE CERNON;87783431;2;Tarif Normal;assise;10.0;22.0
Intercités de jour sans réservation obligatoire;ANGERS ST LAUD;87484006;SAUMUR;87487603;2;Tarif Normal;assise;9.1;10.0
Intercités de jour sans réservation obligatoire;ARVANT;87734251;MASSIAC BLESLE;87734871;2;Tarif Normal;assise;5.5;10.0
Intercités de jour sans réservation obligatoire;BANASSAC LA CANOURGUE;87783324;MILLAU;87783001;2;Tarif Normal;assise;6.8;12.4
Intercités de jour sans réservation obligatoire;ANGERS ST LAUD;87484006;TOURS;87571000;2;Tarif Normal;assise;11.4;20.5
Intercités de jour sans réservation obligatoire;ARVANT;87734251;TOURNEMIRE ROQUEFORT;87783456;2;Tarif Normal;assise;10.0;39.0
Intercités de jour sans réservation obligatoire;BANASSAC LA CANOURGUE;87783324;ST ROME DE CERNON;87783431;2;Tarif Normal;assise;8.5;15.0
Intercités de jour sans réservation obligatoire;ARVANT;87734251;AUMONT AUBRAC;87783266;2;Tarif Normal;assise;9.3;18.0
Intercités de jour sans réservation obligatoire;AUMONT AUBRAC;87783266;TOURNEMIRE ROQUEFORT;87783456;2;Tarif Normal;assise;10.0;23.0
Intercités de jour sans réservation obligatoire;BEDARIEUX;87781609;NEUSSARGUES;87645507;2;Tarif Normal;assise;10.0;39.0
Intercités de jour sans réservation obligatoire;ARVANT;87734251;BRASSAC LES MINES STE FLORINE;87734244;2;Tarif Normal;assise;6.2;11.200000000000001
Intercités de jour sans réservation obligatoire;BAYONNE;87673004;ST JEAN DE LUZ CIBOURE;87677120;2;Tarif Normal;assise;3.2;5.800000000000001
Intercités de jour sans réservation obligatoire;BEDARIEUX;87781609;ST ROME DE CERNON;87783431;2;Tarif Normal;assise;6.9;12.600000000000001
Intercités de jour sans réservation obligatoire;ARVANT;87734251;CLERMONT FERRAND;87734004;2;Tarif Normal;assise;7.2;13.100000000000001
Intercités de jour sans réservation obligatoire;BAYONNE;87673004;TARBES;87671008;2;Tarif Normal;assise;10.0;30.0
Intercités de jour sans réservation obligatoire;BEZIERS;87781005;BANASSAC LA CANOURGUE;87783324;2;Tarif Normal;assise;10.0;31.0
Intercités de jour sans réservation obligatoire;ARVANT;87734251;GENOLHAC;87775213;2;Tarif Normal;assise;10.0;29.5
Intercités de jour sans réservation obligatoire;BEDARIEUX;87781609;CAMPAGNAC ST GENIEZ;87783340;2;Tarif Normal;assise;10.0;23.0
Intercités de jour sans réservation obligatoire;BEZIERS;87781005;BRASSAC LES MINES STE FLORINE;87734244;2;Tarif Normal;assise;15.0;53.0
Intercités de jour sans réservation obligatoire;ARVANT;87734251;LE BOUSQUET D'ORB;87781583;2;Tarif Normal;assise;15.0;45.0
Intercités de jour sans réservation obligatoire;BEDARIEUX;87781609;MILLAU;87783001;2;Tarif Normal;assise;8.6;15.0
Intercités de jour sans réservation obligatoire;BEZIERS;87781005;ISSOIRE;87734202;2;Tarif Normal;assise;20.0;56.0
Intercités de jour sans réservation obligatoire;ARVANT;87734251;SEVERAC-LE-CHATEAU;87783365;2;Tarif Normal;assise;10.0;32.0
Intercités de jour sans réservation obligatoire;BEDARIEUX;87781609;ST FLOUR CHAUDES AIGUES;87783175;2;Tarif Normal;assise;10.0;37.0
Intercités de jour sans réservation obligatoire;BIARRITZ;87673400;MONTREJEAU GOURDAN POLIGNAN;87611152;2;Tarif Normal;assise;10.0;38.0
Intercités de jour sans réservation obligatoire;ARVANT;87734251;ST CHELY D'APCHER;87783241;2;Tarif Normal;assise;8.5;16.5
Intercités de jour sans réservation obligatoire;BEZIERS;87781005;LE MONASTIER;87783308;2;Tarif Normal;assise;10.0;33.0
Intercités de jour sans réservation obligatoire;BIARRITZ;87673400;TOULOUSE MATABIAU;87611004;2;Tarif Normal;assise;20.0;53.0
Intercités de jour sans réservation obligatoire;ARVANT;87734251;ST ROME DE CERNON;87783431;2;Tarif Normal;assise;10.0;38.0
Intercités de jour sans réservation obligatoire;BEZIERS;87781005;MARVEJOLS;87783282;2;Tarif Normal;assise;10.0;33.0
Intercités de jour sans réservation obligatoire;BORDEAUX ST JEAN;87581009;LA ROCHE SUR YON;87486019;2;Tarif Normal;assise;15.0;48.0
Intercités de jour sans réservation obligatoire;BANASSAC LA CANOURGUE;87783324;ST GEORGES DE LUZENCON;87783423;2;Tarif Normal;assise;7.9;14.4
Intercités de jour sans réservation obligatoire;BEZIERS;87781005;SEVERAC-LE-CHATEAU;87783365;2;Tarif Normal;assise;10.0;30.0
Intercités de jour sans réservation obligatoire;BORDEAUX ST JEAN;87581009;NANTES;87481002;2;Tarif Normal;assise;19.0;57.0
Intercités de jour sans réservation obligatoire;BEDARIEUX;87781609;BANASSAC LA CANOURGUE;87783324;2;Tarif Normal;assise;10.0;25.0
Intercités de jour sans réservation obligatoire;BIARRITZ;87673400;BAYONNE;87673004;2;Tarif Normal;assise;1.7;3.0
Intercités de jour sans réservation obligatoire;BOURGES;87576207;ROANNE;87726802;2;Tarif Normal;assise;10.0;36.0
Intercités de jour sans réservation obligatoire;BEDARIEUX;87781609;MARVEJOLS;87783282;2;Tarif Normal;assise;10.0;27.5
Intercités de jour sans réservation obligatoire;BIARRITZ;87673400;COARRAZE NAY;87672139;2;Tarif Normal;assise;12.6;25.0
Intercités de jour sans réservation obligatoire;BRASSAC LES MINES STE FLORINE;87734244;BEDARIEUX;87781609;2;Tarif Normal;assise;15.0;47.0
Intercités de jour sans réservation obligatoire;BEDARIEUX;87781609;TOURNEMIRE ROQUEFORT;87783456;2;Tarif Normal;assise;6.2;11.200000000000001
Intercités de jour sans réservation obligatoire;BIARRITZ;87673400;ORTHEZ;87672253;2;Tarif Normal;assise;7.8;15.0
Intercités de jour sans réservation obligatoire;CAMPAGNAC ST GENIEZ;87783340;NEUSSARGUES;87645507;2;Tarif Normal;assise;10.0;22.5
Intercités de jour sans réservation obligatoire;BEZIERS;87781005;BEDARIEUX;87781609;2;Tarif Normal;assise;5.4;9.9
Intercités de jour sans réservation obligatoire;BIARRITZ;87673400;ST GAUDENS;87611137;2;Tarif Normal;assise;10.0;41.0
Intercités de jour sans réservation obligatoire;CEILHES ROQUEREDONDE;87781542;AUMONT AUBRAC;87783266;2;Tarif Normal;assise;15.0;46.0
Intercités de jour sans réservation obligatoire;BEZIERS;87781005;CEILHES ROQUEREDONDE;87781542;2;Tarif Normal;assise;8.0;14.5
Intercités de jour sans réservation obligatoire;BIARRITZ;87673400;ST JEAN DE LUZ CIBOURE;87677120;2;Tarif Normal;assise;2.0;3.5
Intercités de jour sans réservation obligatoire;CEILHES ROQUEREDONDE;87781542;LE BOUSQUET D'ORB;87781583;2;Tarif Normal;assise;2.4;4.3
Intercités de jour sans réservation obligatoire;BEZIERS;87781005;LE BOUSQUET D'ORB;87781583;2;Tarif Normal;assise;6.4;11.600000000000001
Intercités de jour sans réservation obligatoire;BIARRITZ;87673400;TARBES;87671008;2;Tarif Normal;assise;10.0;31.0
Intercités de jour sans réservation obligatoire;CEILHES ROQUEREDONDE;87781542;ST GEORGES DE LUZENCON;87783423;2;Tarif Normal;assise;5.0;9.0
Intercités de jour sans réservation obligatoire;BEZIERS;87781005;MAGALAS;87781666;2;Tarif Normal;assise;5.8;10.5
Intercités de jour sans réservation obligatoire;BORDEAUX ST JEAN;87581009;JONZAC;87491142;2;Tarif Normal;assise;8.9;15.5
Intercités de jour sans réservation obligatoire;CEILHES ROQUEREDONDE;87781542;ST ROME DE CERNON;87783431;2;Tarif Normal;assise;4.2;7.6000000000000005
Intercités de jour sans réservation obligatoire;BEZIERS;87781005;MASSIAC BLESLE;87734871;2;Tarif Normal;assise;15.0;50.0
Intercités de jour sans réservation obligatoire;BORDEAUX ST JEAN;87581009;LES SABLES D'OLONNE;87486449;2;Tarif Normal;assise;19.0;57.0
Intercités de jour sans réservation obligatoire;CEILHES ROQUEREDONDE;87781542;TOURNEMIRE ROQUEFORT;87783456;2;Tarif Normal;assise;3.3;6.0
Intercités de jour sans réservation obligatoire;BEZIERS;87781005;NEUSSARGUES;87645507;2;Tarif Normal;assise;15.0;45.0
Intercités de jour sans réservation obligatoire;BORDEAUX ST JEAN;87581009;LUCON;87486258;2;Tarif Normal;assise;13.0;43.0
Intercités de jour sans réservation obligatoire;CLERMONT FERRAND;87734004;BEDARIEUX;87781609;2;Tarif Normal;assise;15.0;54.0
Intercités de jour sans réservation obligatoire;BIARRITZ;87673400;LANNEMEZAN;87671123;2;Tarif Normal;assise;10.0;36.0
Intercités de jour sans réservation obligatoire;BOURGES;87576207;LYON PART DIEU;87723197;2;Tarif Normal;assise;15.0;50.0
Intercités de jour sans réservation obligatoire;CLERMONT FERRAND;87734004;MASSIAC BLESLE;87734871;2;Tarif Normal;assise;8.6;16.5
Intercités de jour sans réservation obligatoire;BOURGES;87576207;ST PIERRE DES CORPS;87571240;2;Tarif Normal;assise;14.7;26.5
Intercités de jour sans réservation obligatoire;BOURGES;87576207;LYON VAISE;87721001;2;Tarif Normal;assise;15.0;50.0
Intercités de jour sans réservation obligatoire;COARRAZE NAY;87672139;TOULOUSE MATABIAU;87611004;2;Tarif Normal;assise;10.0;34.0
Intercités de jour sans réservation obligatoire;BRASSAC LES MINES STE FLORINE;87734244;AUMONT AUBRAC;87783266;2;Tarif Normal;assise;10.0;24.0
Intercités de jour sans réservation obligatoire;BOURGES;87576207;MOULINS SUR ALLIER;87696328;2;Tarif Normal;assise;11.4;20.0
Intercités de jour sans réservation obligatoire;CULMONT CHALINDREY;87142125;MACON VILLE;87725689;2;Tarif Normal;assise;15.0;41.0
Intercités de jour sans réservation obligatoire;BRASSAC LES MINES STE FLORINE;87734244;BANASSAC LA CANOURGUE;87783324;2;Tarif Normal;assise;10.0;29.5
Intercités de jour sans réservation obligatoire;BOURGES;87576207;NANTES;87481002;2;Tarif Normal;assise;15.0;53.0
Intercités de jour sans réservation obligatoire;DIJON VILLE;87713040;CULMONT CHALINDREY;87142125;2;Tarif Normal;assise;9.0;26.5
Intercités de jour sans réservation obligatoire;BRASSAC LES MINES STE FLORINE;87734244;CEILHES ROQUEREDONDE;87781542;2;Tarif Normal;assise;15.0;44.0
Intercités de jour sans réservation obligatoire;BRASSAC LES MINES STE FLORINE;87734244;CAMPAGNAC ST GENIEZ;87783340;2;Tarif Normal;assise;10.0;31.0
Intercités de jour sans réservation obligatoire;HENDAYE;87677005;LANNEMEZAN;87671123;2;Tarif Normal;assise;10.0;39.0
Intercités de jour sans réservation obligatoire;BRASSAC LES MINES STE FLORINE;87734244;LE BOUSQUET D'ORB;87781583;2;Tarif Normal;assise;15.0;46.0
Intercités de jour sans réservation obligatoire;BRASSAC LES MINES STE FLORINE;87734244;MAGALAS;87781666;2;Tarif Normal;assise;15.0;51.0
Intercités de jour sans réservation obligatoire;ISSOIRE;87734202;BANASSAC LA CANOURGUE;87783324;2;Tarif Normal;assise;10.0;31.0
Intercités de jour sans réservation obligatoire;BRASSAC LES MINES STE FLORINE;87734244;ST FLOUR CHAUDES AIGUES;87783175;2;Tarif Normal;assise;8.4;15.0
Intercités de jour sans réservation obligatoire;BRASSAC LES MINES STE FLORINE;87734244;MILLAU;87783001;2;Tarif Normal;assise;10.0;36.0
Intercités de jour sans réservation obligatoire;ISSOIRE;87734202;MAGALAS;87781666;2;Tarif Normal;assise;15.0;53.0
Intercités de jour sans réservation obligatoire;BRASSAC LES MINES STE FLORINE;87734244;ST ROME DE CERNON;87783431;2;Tarif Normal;assise;10.0;39.0
Intercités de jour sans réservation obligatoire;BRASSAC LES MINES STE FLORINE;87734244;ST GEORGES DE LUZENCON;87783423;2;Tarif Normal;assise;10.0;38.0
Intercités de jour sans réservation obligatoire;JONZAC;87491142;LA ROCHE SUR YON;87486019;2;Tarif Normal;assise;11.0;36.0
Intercités de jour sans réservation obligatoire;CAMPAGNAC ST GENIEZ;87783340;LE MONASTIER;87783308;2;Tarif Normal;assise;4.0;7.0
Intercités de jour sans réservation obligatoire;BRASSAC LES MINES STE FLORINE;87734244;TOURNEMIRE ROQUEFORT;87783456;2;Tarif Normal;assise;10.0;41.0
Intercités de jour sans réservation obligatoire;JONZAC;87491142;LUCON;87486258;2;Tarif Normal;assise;10.0;31.0
Intercités de jour sans réservation obligatoire;CAMPAGNAC ST GENIEZ;87783340;ST ROME DE CERNON;87783431;2;Tarif Normal;assise;7.2;13.200000000000001
Intercités de jour sans réservation obligatoire;CAMPAGNAC ST GENIEZ;87783340;MILLAU;87783001;2;Tarif Normal;assise;5.5;10.0
Intercités de jour sans réservation obligatoire;LA ROCHE SUR YON;87486019;SAINTES;87491001;2;Tarif Normal;assise;10.0;30.0
Intercités de jour sans réservation obligatoire;CEILHES ROQUEREDONDE;87781542;BANASSAC LA CANOURGUE;87783324;2;Tarif Normal;assise;10.3;20.5
Intercités de jour sans réservation obligatoire;CAMPAGNAC ST GENIEZ;87783340;ST GEORGES DE LUZENCON;87783423;2;Tarif Normal;assise;6.6;11.9
Intercités de jour sans réservation obligatoire;LA ROCHELLE VILLE;87485003;LA ROCHE SUR YON;87486019;2;Tarif Normal;assise;9.2;19.5
Intercités de jour sans réservation obligatoire;CEILHES ROQUEREDONDE;87781542;CAMPAGNAC ST GENIEZ;87783340;2;Tarif Normal;assise;9.3;18.0
Intercités de jour sans réservation obligatoire;CEILHES ROQUEREDONDE;87781542;BEDARIEUX;87781609;2;Tarif Normal;assise;3.7;6.6000000000000005
Intercités de jour sans réservation obligatoire;LANNEMEZAN;87671123;BAYONNE;87673004;2;Tarif Normal;assise;14.5;34.0
Intercités de jour sans réservation obligatoire;CEILHES ROQUEREDONDE;87781542;MAGALAS;87781666;2;Tarif Normal;assise;6.2;11.200000000000001
Intercités de jour sans réservation obligatoire;CEILHES ROQUEREDONDE;87781542;MARVEJOLS;87783282;2;Tarif Normal;assise;10.0;23.5
Intercités de jour sans réservation obligatoire;LANNEMEZAN;87671123;MONTREJEAU GOURDAN POLIGNAN;87611152;2;Tarif Normal;assise;2.4;4.4
Intercités de jour sans réservation obligatoire;CEILHES ROQUEREDONDE;87781542;NEUSSARGUES;87645507;2;Tarif Normal;assise;10.0;35.0
Intercités de jour sans réservation obligatoire;CEILHES ROQUEREDONDE;87781542;ST FLOUR CHAUDES AIGUES;87783175;2;Tarif Normal;assise;10.0;33.0
Intercités de jour sans réservation obligatoire;LE BOUSQUET D'ORB;87781583;AUMONT AUBRAC;87783266;2;Tarif Normal;assise;10.0;29.5
Intercités de jour sans réservation obligatoire;CHALON SUR SAONE;87725002;LYON PART DIEU;87723197;2;Tarif Normal;assise;9.0;26.5
Intercités de jour sans réservation obligatoire;CHALON SUR SAONE;87725002;LYON PERRACHE;87722025;2;Tarif Normal;assise;9.0;26.5
Intercités de jour sans réservation obligatoire;LE BOUSQUET D'ORB;87781583;BANASSAC LA CANOURGUE;87783324;2;Tarif Normal;assise;10.0;23.5
Intercités de jour sans réservation obligatoire;CLERMONT FERRAND;87734004;AUMONT AUBRAC;87783266;2;Tarif Normal;assise;10.0;31.0
Intercités de jour sans réservation obligatoire;CLERMONT FERRAND;87734004;BANASSAC LA CANOURGUE;87783324;2;Tarif Normal;assise;10.0;36.0
Intercités de jour sans réservation obligatoire;LE BOUSQUET D'ORB;87781583;MARVEJOLS;87783282;2;Tarif Normal;assise;10.0;25.5
Intercités de jour sans réservation obligatoire;CLERMONT FERRAND;87734004;ISSOIRE;87734202;2;Tarif Normal;assise;4.8;8.700000000000001
Intercités de jour sans réservation obligatoire;CLERMONT FERRAND;87734004;LE BOUSQUET D'ORB;87781583;2;Tarif Normal;assise;15.0;53.0
Intercités de jour sans réservation obligatoire;LE BOUSQUET D'ORB;87781583;NEUSSARGUES;87645507;2;Tarif Normal;assise;10.0;37.0
Intercités de jour sans réservation obligatoire;CLERMONT FERRAND;87734004;LYON PERRACHE;87722025;2;Tarif Normal;assise;15.0;41.0
Intercités de jour sans réservation obligatoire;CLERMONT FERRAND;87734004;MAGALAS;87781666;2;Tarif Normal;assise;20.0;57.0
Intercités de jour sans réservation obligatoire;LE BOUSQUET D'ORB;87781583;ST CHELY D'APCHER;87783241;2;Tarif Normal;assise;10.0;30.0
Intercités de jour sans réservation obligatoire;CLERMONT FERRAND;87734004;MARVEJOLS;87783282;2;Tarif Normal;assise;10.0;34.0
Intercités de jour sans réservation obligatoire;CLERMONT FERRAND;87734004;ROANNE;87726802;2;Tarif Normal;assise;12.0;25.0
Intercités de jour sans réservation obligatoire;LE BOUSQUET D'ORB;87781583;ST GEORGES DE LUZENCON;87783423;2;Tarif Normal;assise;6.5;11.700000000000001
Intercités de jour sans réservation obligatoire;CLERMONT FERRAND;87734004;ST GEORGES DE LUZENCON;87783423;2;Tarif Normal;assise;15.0;46.0
Intercités de jour sans réservation obligatoire;CLERMONT FERRAND;87734004;SEVERAC-LE-CHATEAU;87783365;2;Tarif Normal;assise;10.0;41.0
Intercités de jour sans réservation obligatoire;LE MONASTIER;87783308;MILLAU;87783001;2;Tarif Normal;assise;8.0;14.9
Intercités de jour sans réservation obligatoire;CLERMONT FERRAND;87734004;ST ROME DE CERNON;87783431;2;Tarif Normal;assise;15.0;47.0
Intercités de jour sans réservation obligatoire;CLERMONT FERRAND;87734004;TOURNEMIRE ROQUEFORT;87783456;2;Tarif Normal;assise;15.0;48.0
Intercités de jour sans réservation obligatoire;LES SABLES D'OLONNE;87486449;LA ROCHE SUR YON;87486019;2;Tarif Normal;assise;8.7;15.0
Intercités de jour sans réservation obligatoire;COARRAZE NAY;87672139;BAYONNE;87673004;2;Tarif Normal;assise;11.9;23.5
Intercités de jour sans réservation obligatoire;CLISSON;87481440;LA ROCHE SUR YON;87486019;2;Tarif Normal;assise;8.7;15.0
Intercités de jour sans réservation obligatoire;LES SABLES D'OLONNE;87486449;ROCHEFORT;87485144;2;Tarif Normal;assise;11.0;34.0
Intercités de jour sans réservation obligatoire;CULMONT CHALINDREY;87142125;LYON PERRACHE;87722025;2;Tarif Normal;assise;15.0;51.0
Intercités de jour sans réservation obligatoire;COARRAZE NAY;87672139;ST JEAN DE LUZ CIBOURE;87677120;2;Tarif Normal;assise;12.4;27.0
Intercités de jour sans réservation obligatoire;LOURDES;87671339;LANNEMEZAN;87671123;2;Tarif Normal;assise;6.9;12.600000000000001
Intercités de jour sans réservation obligatoire;CULMONT CHALINDREY;87142125;NANCY;87141002;2;Tarif Normal;assise;9.0;37.0
Intercités de jour sans réservation obligatoire;DIJON VILLE;87713040;MACON VILLE;87725689;2;Tarif Normal;assise;9.0;26.5
Intercités de jour sans réservation obligatoire;LOURDES;87671339;MONTREJEAU GOURDAN POLIGNAN;87611152;2;Tarif Normal;assise;8.5;15.0
Intercités de jour sans réservation obligatoire;CULMONT CHALINDREY;87142125;NEUFCHATEAU;87141291;2;Tarif Normal;assise;9.0;26.5
Intercités de jour sans réservation obligatoire;DIJON VILLE;87713040;NEUFCHATEAU;87141291;2;Tarif Normal;assise;9.0;37.0
Intercités de jour sans réservation obligatoire;LOURDES;87671339;ST JEAN DE LUZ CIBOURE;87677120;2;Tarif Normal;assise;10.0;30.0
Intercités de jour sans réservation obligatoire;DIJON VILLE;87713040;CHALON SUR SAONE;87725002;2;Tarif Normal;assise;9.0;26.5
Intercités de jour sans réservation obligatoire;DIJON VILLE;87713040;TOUL;87141044;2;Tarif Normal;assise;15.0;41.0
Intercités de jour sans réservation obligatoire;LOURDES;87671339;TOULOUSE MATABIAU;87611004;2;Tarif Normal;assise;10.0;31.0
Intercités de jour sans réservation obligatoire;DIJON VILLE;87713040;LYON PART DIEU;87723197;2;Tarif Normal;assise;9.0;37.0
Intercités de jour sans réservation obligatoire;HENDAYE;87677005;COARRAZE NAY;87672139;2;Tarif Normal;assise;13.5;29.5
Intercités de jour sans réservation obligatoire;LUCON;87486258;LA ROCHE SUR YON;87486019;2;Tarif Normal;assise;8.2;8.6
Intercités de jour sans réservation obligatoire;HENDAYE;87677005;LOURDES;87671339;2;Tarif Normal;assise;10.0;31.0
Intercités de jour sans réservation obligatoire;HENDAYE;87677005;MONTREJEAU GOURDAN POLIGNAN;87611152;2;Tarif Normal;assise;10.0;42.0
Intercités de jour sans réservation obligatoire;LUCON;87486258;NANTES;87481002;2;Tarif Normal;assise;11.2;22.0
Intercités de jour sans réservation obligatoire;ISSOIRE;87734202;AUMONT AUBRAC;87783266;2;Tarif Normal;assise;10.0;26.5
Intercités de jour sans réservation obligatoire;HENDAYE;87677005;TARBES;87671008;2;Tarif Normal;assise;10.0;34.0
Intercités de jour sans réservation obligatoire;LUCON;87486258;ROCHEFORT;87485144;2;Tarif Normal;assise;10.0;18.0
Intercités de jour sans réservation obligatoire;ISSOIRE;87734202;BRASSAC LES MINES STE FLORINE;87734244;2;Tarif Normal;assise;6.2;11.200000000000001
Intercités de jour sans réservation obligatoire;HENDAYE;87677005;TOULOUSE MATABIAU;87611004;2;Tarif Normal;assise;20.0;55.0
Intercités de jour sans réservation obligatoire;LYON PART DIEU;87723197;ST PIERRE DES CORPS;87571240;2;Tarif Normal;assise;15.0;68.0
Intercités de jour sans réservation obligatoire;ISSOIRE;87734202;CAMPAGNAC ST GENIEZ;87783340;2;Tarif Normal;assise;10.0;33.0
Intercités de jour sans réservation obligatoire;ISSOIRE;87734202;BEDARIEUX;87781609;2;Tarif Normal;assise;15.0;50.0
Intercités de jour sans réservation obligatoire;LYON PERRACHE;87722025;NEUFCHATEAU;87141291;2;Tarif Normal;assise;15.0;58.0
Intercités de jour sans réservation obligatoire;ISSOIRE;87734202;LE MONASTIER;87783308;2;Tarif Normal;assise;10.0;30.0
Intercités de jour sans réservation obligatoire;ISSOIRE;87734202;CEILHES ROQUEREDONDE;87781542;2;Tarif Normal;assise;15.0;46.0
Intercités de jour sans réservation obligatoire;LYON PERRACHE;87722025;ST PIERRE DES CORPS;87571240;2;Tarif Normal;assise;15.0;68.0
Intercités de jour sans réservation obligatoire;ISSOIRE;87734202;MARVEJOLS;87783282;2;Tarif Normal;assise;10.0;30.0
Intercités de jour sans réservation obligatoire;ISSOIRE;87734202;ST CHELY D'APCHER;87783241;2;Tarif Normal;assise;10.0;25.0
Intercités de jour sans réservation obligatoire;LYON VAISE;87721001;ROANNE;87726802;2;Tarif Normal;assise;10.5;18.5
Intercités de jour sans réservation obligatoire;ISSOIRE;87734202;MILLAU;87783001;2;Tarif Normal;assise;10.0;39.0
Intercités de jour sans réservation obligatoire;JONZAC;87491142;CLISSON;87481440;2;Tarif Normal;assise;15.0;47.0
Intercités de jour sans réservation obligatoire;LYON VAISE;87721001;VIERZON VILLE;87576009;2;Tarif Normal;assise;15.0;53.0
Intercités de jour sans réservation obligatoire;JONZAC;87491142;NANTES;87481002;2;Tarif Normal;assise;15.0;47.0
Intercités de jour sans réservation obligatoire;LA ROCHELLE VILLE;87485003;ROCHEFORT;87485144;2;Tarif Normal;assise;6.9;7.1000000000000005
Intercités de jour sans réservation obligatoire;MACON VILLE;87725689;LYON PART DIEU;87723197;2;Tarif Normal;assise;9.0;26.5
Intercités de jour sans réservation obligatoire;JONZAC;87491142;ROCHEFORT;87485144;2;Tarif Normal;assise;9.6;16.5
Intercités de jour sans réservation obligatoire;LE BOUSQUET D'ORB;87781583;MAGALAS;87781666;2;Tarif Normal;assise;4.7;8.5
Intercités de jour sans réservation obligatoire;MAGALAS;87781666;MARVEJOLS;87783282;2;Tarif Normal;assise;10.0;30.0
Intercités de jour sans réservation obligatoire;LA ROCHELLE VILLE;87485003;SAINTES;87491001;2;Tarif Normal;assise;8.3;15.0
Intercités de jour sans réservation obligatoire;LE MONASTIER;87783308;SEVERAC-LE-CHATEAU;87783365;2;Tarif Normal;assise;5.0;9.600000000000001
Intercités de jour sans réservation obligatoire;MAGALAS;87781666;ST FLOUR CHAUDES AIGUES;87783175;2;Tarif Normal;assise;10.0;41.0
Intercités de jour sans réservation obligatoire;LANNEMEZAN;87671123;ST JEAN DE LUZ CIBOURE;87677120;2;Tarif Normal;assise;10.0;37.0
Intercités de jour sans réservation obligatoire;LES SABLES D'OLONNE;87486449;SAINTES;87491001;2;Tarif Normal;assise;13.0;41.0
Intercités de jour sans réservation obligatoire;MAGALAS;87781666;ST ROME DE CERNON;87783431;2;Tarif Normal;assise;8.4;16.0
Intercités de jour sans réservation obligatoire;LANNEMEZAN;87671123;TOULOUSE MATABIAU;87611004;2;Tarif Normal;assise;10.7;23.5
Intercités de jour sans réservation obligatoire;LUCON;87486258;CLISSON;87481440;2;Tarif Normal;assise;11.2;22.0
Intercités de jour sans réservation obligatoire;MARVEJOLS;87783282;TOURNEMIRE ROQUEFORT;87783456;2;Tarif Normal;assise;9.6;18.5
Intercités de jour sans réservation obligatoire;LE BOUSQUET D'ORB;87781583;CAMPAGNAC ST GENIEZ;87783340;2;Tarif Normal;assise;10.6;21.0
Intercités de jour sans réservation obligatoire;LYON PART DIEU;87723197;MOULINS SUR ALLIER;87696328;2;Tarif Normal;assise;10.0;35.0
Intercités de jour sans réservation obligatoire;MASSIAC BLESLE;87734871;ST FLOUR CHAUDES AIGUES;87783175;2;Tarif Normal;assise;5.5;10.0
Intercités de jour sans réservation obligatoire;LE BOUSQUET D'ORB;87781583;MILLAU;87783001;2;Tarif Normal;assise;7.6;13.8
Intercités de jour sans réservation obligatoire;LYON PART DIEU;87723197;NEUFCHATEAU;87141291;2;Tarif Normal;assise;15.0;58.0
Intercités de jour sans réservation obligatoire;MASSIAC BLESLE;87734871;ST ROME DE CERNON;87783431;2;Tarif Normal;assise;10.0;35.0
Intercités de jour sans réservation obligatoire;LUCON;87486258;LES SABLES D'OLONNE;87486449;2;Tarif Normal;assise;11.2;22.0
Intercités de jour sans réservation obligatoire;LYON PART DIEU;87723197;VIERZON VILLE;87576009;2;Tarif Normal;assise;15.0;53.0
Intercités de jour sans réservation obligatoire;MILLAU;87783001;NEUSSARGUES;87645507;2;Tarif Normal;assise;10.0;30.0
Intercités de jour sans réservation obligatoire;LYON PERRACHE;87722025;MOULINS SUR ALLIER;87696328;2;Tarif Normal;assise;10.0;35.0
Intercités de jour sans réservation obligatoire;LYON PERRACHE;87722025;ST GERMAIN DES FOSSES;87732206;2;Tarif Normal;assise;10.0;30.0
Intercités de jour sans réservation obligatoire;MONTREJEAU GOURDAN POLIGNAN;87611152;ST JEAN DE LUZ CIBOURE;87677120;2;Tarif Normal;assise;10.0;41.0
Intercités de jour sans réservation obligatoire;LYON PERRACHE;87722025;NEVERS;87696005;2;Tarif Normal;assise;10.0;43.0
Intercités de jour sans réservation obligatoire;LYON VAISE;87721001;MOULINS SUR ALLIER;87696328;2;Tarif Normal;assise;10.0;35.0
Intercités de jour sans réservation obligatoire;NANCY;87141002;MACON VILLE;87725689;2;Tarif Normal;assise;15.0;58.0
Intercités de jour sans réservation obligatoire;LYON PERRACHE;87722025;RIOM CHATEL GUYON;87734053;2;Tarif Normal;assise;15.0;38.0
Intercités de jour sans réservation obligatoire;LYON VAISE;87721001;NANTES;87481002;2;Tarif Normal;assise;25.0;86.0
Intercités de jour sans réservation obligatoire;NANTES;87481002;ROCHEFORT;87485144;2;Tarif Normal;assise;11.0;34.0
Intercités de jour sans réservation obligatoire;LYON PERRACHE;87722025;ROANNE;87726802;2;Tarif Normal;assise;8.1;18.5
Intercités de jour sans réservation obligatoire;MACON VILLE;87725689;NEUFCHATEAU;87141291;2;Tarif Normal;assise;15.0;51.0
Intercités de jour sans réservation obligatoire;NANTES;87481002;VIERZON VILLE;87576009;2;Tarif Normal;assise;15.0;49.0
Intercités de jour sans réservation obligatoire;LYON PERRACHE;87722025;VIERZON VILLE;87576009;2;Tarif Normal;assise;15.0;53.0
Intercités de jour sans réservation obligatoire;MAGALAS;87781666;CAMPAGNAC ST GENIEZ;87783340;2;Tarif Normal;assise;10.0;26.5
Intercités de jour sans réservation obligatoire;NEVERS;87696005;MOULINS SUR ALLIER;87696328;2;Tarif Normal;assise;7.1;12.9
Intercités de jour sans réservation obligatoire;LYON VAISE;87721001;NEVERS;87696005;2;Tarif Normal;assise;10.0;43.0
Intercités de jour sans réservation obligatoire;MAGALAS;87781666;MILLAU;87783001;2;Tarif Normal;assise;9.8;19.0
Intercités de jour sans réservation obligatoire;NEVERS;87696005;SAINCAIZE;87696260;2;Tarif Normal;assise;1.8;3.2
Intercités de jour sans réservation obligatoire;LYON VAISE;87721001;ST GERMAIN DES FOSSES;87732206;2;Tarif Normal;assise;10.0;30.0
Intercités de jour sans réservation obligatoire;MAGALAS;87781666;ST GEORGES DE LUZENCON;87783423;2;Tarif Normal;assise;9.0;17.0
Intercités de jour sans réservation obligatoire;NEVERS;87696005;VIERZON VILLE;87576009;2;Tarif Normal;assise;10.8;19.0
Intercités de jour sans réservation obligatoire;MAGALAS;87781666;AUMONT AUBRAC;87783266;2;Tarif Normal;assise;10.0;33.0
Intercités de jour sans réservation obligatoire;MAGALAS;87781666;TOURNEMIRE ROQUEFORT;87783456;2;Tarif Normal;assise;8.5;15.0
Intercités de jour sans réservation obligatoire;ORTHEZ;87672253;LOURDES;87671339;2;Tarif Normal;assise;8.1;15.5
Intercités de jour sans réservation obligatoire;MAGALAS;87781666;LE MONASTIER;87783308;2;Tarif Normal;assise;10.0;30.0
Intercités de jour sans réservation obligatoire;MARVEJOLS;87783282;BANASSAC LA CANOURGUE;87783324;2;Tarif Normal;assise;2.3;3.9000000000000004
Intercités de jour sans réservation obligatoire;ORTHEZ;87672253;MONTREJEAU GOURDAN POLIGNAN;87611152;2;Tarif Normal;assise;13.3;29.0
Intercités de jour sans réservation obligatoire;MAGALAS;87781666;NEUSSARGUES;87645507;2;Tarif Normal;assise;10.0;43.0
Intercités de jour sans réservation obligatoire;MARVEJOLS;87783282;MILLAU;87783001;2;Tarif Normal;assise;8.2;14.9
Intercités de jour sans réservation obligatoire;PAU;87672006;BIARRITZ;87673400;2;Tarif Normal;assise;10.0;22.5
Intercités de jour sans réservation obligatoire;MARVEJOLS;87783282;CAMPAGNAC ST GENIEZ;87783340;2;Tarif Normal;assise;3.9;7.0
Intercités de jour sans réservation obligatoire;MARVEJOLS;87783282;ST ROME DE CERNON;87783431;2;Tarif Normal;assise;9.0;17.5
Intercités de jour sans réservation obligatoire;PAU;87672006;LOURDES;87671339;2;Tarif Normal;assise;5.0;9.1
Intercités de jour sans réservation obligatoire;MASSIAC BLESLE;87734871;AUMONT AUBRAC;87783266;2;Tarif Normal;assise;9.3;18.0
Intercités de jour sans réservation obligatoire;MASSIAC BLESLE;87734871;CEILHES ROQUEREDONDE;87781542;2;Tarif Normal;assise;10.0;39.0
Intercités de jour sans réservation obligatoire;PAU;87672006;TARBES;87671008;2;Tarif Normal;assise;7.1;12.9
Intercités de jour sans réservation obligatoire;MILLAU;87783001;ST FLOUR CHAUDES AIGUES;87783175;2;Tarif Normal;assise;10.0;26.5
Intercités de jour sans réservation obligatoire;MASSIAC BLESLE;87734871;ST GEORGES DE LUZENCON;87783423;2;Tarif Normal;assise;10.0;34.0
Intercités de jour sans réservation obligatoire;ROANNE;87726802;SAINCAIZE;87696260;2;Tarif Normal;assise;14.8;29.0
Intercités de jour sans réservation obligatoire;MONTREJEAU GOURDAN POLIGNAN;87611152;TARBES;87671008;2;Tarif Normal;assise;6.5;11.700000000000001
Intercités de jour sans réservation obligatoire;MONTREJEAU GOURDAN POLIGNAN;87611152;BAYONNE;87673004;2;Tarif Normal;assise;10.0;36.0
Intercités de jour sans réservation obligatoire;ROANNE;87726802;VIERZON VILLE;87576009;2;Tarif Normal;assise;15.0;40.0
Intercités de jour sans réservation obligatoire;NANTES;87481002;LA ROCHE SUR YON;87486019;2;Tarif Normal;assise;8.7;15.0
Intercités de jour sans réservation obligatoire;MONTREJEAU GOURDAN POLIGNAN;87611152;TOULOUSE MATABIAU;87611004;2;Tarif Normal;assise;9.2;19.5
Intercités de jour sans réservation obligatoire;ROCHEFORT;87485144;LA ROCHE SUR YON;87486019;2;Tarif Normal;assise;10.0;25.0
Intercités de jour sans réservation obligatoire;NEUFCHATEAU;87141291;CHALON SUR SAONE;87725002;2;Tarif Normal;assise;15.0;41.0
Intercités de jour sans réservation obligatoire;NANCY;87141002;CHALON SUR SAONE;87725002;2;Tarif Normal;assise;15.0;58.0
Intercités de jour sans réservation obligatoire;SAUMUR;87487603;ROANNE;87726802;2;Tarif Normal;assise;20.0;62.0
Intercités de jour sans réservation obligatoire;NEUSSARGUES;87645507;ARVANT;87734251;2;Tarif Normal;assise;6.2;11.200000000000001
Intercités de jour sans réservation obligatoire;NANTES;87481002;MOULINS SUR ALLIER;87696328;2;Tarif Normal;assise;20.0;65.0
Intercités de jour sans réservation obligatoire;SAUMUR;87487603;ST GERMAIN DES FOSSES;87732206;2;Tarif Normal;assise;20.0;55.0
Intercités de jour sans réservation obligatoire;ORTHEZ;87672253;TARBES;87671008;2;Tarif Normal;assise;8.9;19.0
Intercités de jour sans réservation obligatoire;NANTES;87481002;ST GERMAIN DES FOSSES;87732206;2;Tarif Normal;assise;25.0;69.0
Intercités de jour sans réservation obligatoire;SEVERAC-LE-CHATEAU;87783365;MASSIAC BLESLE;87734871;2;Tarif Normal;assise;10.0;29.5
Intercités de jour sans réservation obligatoire;PAU;87672006;ORTHEZ;87672253;2;Tarif Normal;assise;5.1;9.3
Intercités de jour sans réservation obligatoire;NANTES;87481002;ST PIERRE DES CORPS;87571240;2;Tarif Normal;assise;10.0;33.0
Intercités de jour sans réservation obligatoire;SEVERAC-LE-CHATEAU;87783365;MILLAU;87783001;2;Tarif Normal;assise;4.1;7.4
Intercités de jour sans réservation obligatoire;ROANNE;87726802;ST GERMAIN DES FOSSES;87732206;2;Tarif Normal;assise;7.8;14.100000000000001
Intercités de jour sans réservation obligatoire;NEVERS;87696005;ROANNE;87726802;2;Tarif Normal;assise;10.0;30.0
Intercités de jour sans réservation obligatoire;SEVERAC-LE-CHATEAU;87783365;ST GEORGES DE LUZENCON;87783423;2;Tarif Normal;assise;5.3;9.5
Intercités de jour sans réservation obligatoire;SAINCAIZE;87696260;MOULINS SUR ALLIER;87696328;2;Tarif Normal;assise;6.0;10.8
Intercités de jour sans réservation obligatoire;NEVERS;87696005;ST GERMAIN DES FOSSES;87732206;2;Tarif Normal;assise;10.8;19.0
Intercités de jour sans réservation obligatoire;ST CHELY D'APCHER;87783241;CAMPAGNAC ST GENIEZ;87783340;2;Tarif Normal;assise;7.2;13.100000000000001
Intercités de jour sans réservation obligatoire;SEVERAC-LE-CHATEAU;87783365;AUMONT AUBRAC;87783266;2;Tarif Normal;assise;7.4;13.5
Intercités de jour sans réservation obligatoire;ORTHEZ;87672253;BAYONNE;87673004;2;Tarif Normal;assise;7.6;13.8
Intercités de jour sans réservation obligatoire;ST CHELY D'APCHER;87783241;ST FLOUR CHAUDES AIGUES;87783175;2;Tarif Normal;assise;5.0;9.1
Intercités de jour sans réservation obligatoire;SEVERAC-LE-CHATEAU;87783365;BRASSAC LES MINES STE FLORINE;87734244;2;Tarif Normal;assise;10.0;33.0
Intercités de jour sans réservation obligatoire;PAU;87672006;MONTREJEAU GOURDAN POLIGNAN;87611152;2;Tarif Normal;assise;10.2;22.0
Intercités de jour sans réservation obligatoire;ST FLOUR CHAUDES AIGUES;87783175;BANASSAC LA CANOURGUE;87783324;2;Tarif Normal;assise;8.7;16.5
Intercités de jour sans réservation obligatoire;SEVERAC-LE-CHATEAU;87783365;CEILHES ROQUEREDONDE;87781542;2;Tarif Normal;assise;8.9;15.5
Intercités de jour sans réservation obligatoire;PAU;87672006;ST GAUDENS;87611137;2;Tarif Normal;assise;11.1;24.0
Intercités de jour sans réservation obligatoire;ST GAUDENS;87611137;COARRAZE NAY;87672139;2;Tarif Normal;assise;9.9;21.5
Intercités de jour sans réservation obligatoire;SEVERAC-LE-CHATEAU;87783365;MARVEJOLS;87783282;2;Tarif Normal;assise;5.3;9.600000000000001
Intercités de jour sans réservation obligatoire;PAU;87672006;TOULOUSE MATABIAU;87611004;2;Tarif Normal;assise;15.0;36.0
Intercités de jour sans réservation obligatoire;ST GAUDENS;87611137;LANNEMEZAN;87671123;2;Tarif Normal;assise;4.1;7.4
Intercités de jour sans réservation obligatoire;SEVERAC-LE-CHATEAU;87783365;ST ROME DE CERNON;87783431;2;Tarif Normal;assise;5.9;10.700000000000001
Intercités de jour sans réservation obligatoire;ROANNE;87726802;MOULINS SUR ALLIER;87696328;2;Tarif Normal;assise;11.4;20.5
Intercités de jour sans réservation obligatoire;ST GAUDENS;87611137;TOULOUSE MATABIAU;87611004;2;Tarif Normal;assise;8.3;17.5
Intercités de jour sans réservation obligatoire;SEVERAC-LE-CHATEAU;87783365;TOURNEMIRE ROQUEFORT;87783456;2;Tarif Normal;assise;6.6;11.9
Intercités de jour sans réservation obligatoire;ROANNE;87726802;ST PIERRE DES CORPS;87571240;2;Tarif Normal;assise;20.0;55.0
Intercités de jour sans réservation obligatoire;ST GEORGES DE LUZENCON;87783423;TOURNEMIRE ROQUEFORT;87783456;2;Tarif Normal;assise;2.1;3.7
Intercités de jour sans réservation obligatoire;ST CHELY D'APCHER;87783241;TOURNEMIRE ROQUEFORT;87783456;2;Tarif Normal;assise;10.0;24.5
Intercités de jour sans réservation obligatoire;ROANNE;87726802;VICHY;87732008;2;Tarif Normal;assise;8.0;16.0
Intercités de jour sans réservation obligatoire;TOURS;87571000;VIERZON VILLE;87576009;2;Tarif Normal;assise;12.2;22.0
Intercités de jour sans réservation obligatoire;ST FLOUR CHAUDES AIGUES;87783175;ST ROME DE CERNON;87783431;2;Tarif Normal;assise;10.0;29.5
Intercités de jour sans réservation obligatoire;SAUMUR;87487603;NEVERS;87696005;2;Tarif Normal;assise;15.0;45.0
Intercités de jour sans réservation obligatoire;ARVANT;87734251;BANASSAC LA CANOURGUE;87783324;1;Tarif Normal;assise;13.0;44.0
Intercités de jour sans réservation obligatoire;ST GAUDENS;87611137;BAYONNE;87673004;2;Tarif Normal;assise;10.0;38.0
Intercités de jour sans réservation obligatoire;SAUMUR;87487603;VIERZON VILLE;87576009;2;Tarif Normal;assise;10.0;31.0
Intercités de jour sans réservation obligatoire;ARVANT;87734251;BEZIERS;87781005;1;Tarif Normal;assise;19.0;78.0
Intercités de jour sans réservation obligatoire;ST GAUDENS;87611137;LOURDES;87671339;2;Tarif Normal;assise;9.6;17.0
Intercités de jour sans réservation obligatoire;SEVERAC-LE-CHATEAU;87783365;BEDARIEUX;87781609;2;Tarif Normal;assise;10.3;20.5
Intercités de jour sans réservation obligatoire;ARVANT;87734251;GENOLHAC;87775213;1;Tarif Normal;assise;13.0;44.0
Intercités de jour sans réservation obligatoire;ST GAUDENS;87611137;TARBES;87671008;2;Tarif Normal;assise;7.8;14.100000000000001
Intercités de jour sans réservation obligatoire;SEVERAC-LE-CHATEAU;87783365;CAMPAGNAC ST GENIEZ;87783340;2;Tarif Normal;assise;2.1;3.7
Intercités de jour sans réservation obligatoire;ARVANT;87734251;ST GEORGES DE LUZENCON;87783423;1;Tarif Normal;assise;13.0;52.0
Intercités de jour sans réservation obligatoire;ST GEORGES DE LUZENCON;87783423;LE MONASTIER;87783308;2;Tarif Normal;assise;9.0;16.5
Intercités de jour sans réservation obligatoire;ST CHELY D'APCHER;87783241;BANASSAC LA CANOURGUE;87783324;2;Tarif Normal;assise;5.9;10.700000000000001
Intercités de jour sans réservation obligatoire;ARVANT;87734251;TOURNEMIRE ROQUEFORT;87783456;1;Tarif Normal;assise;13.0;54.0
Intercités de jour sans réservation obligatoire;ST GEORGES DE LUZENCON;87783423;NEUSSARGUES;87645507;2;Tarif Normal;assise;10.0;31.0
Intercités de jour sans réservation obligatoire;ST FLOUR CHAUDES AIGUES;87783175;CAMPAGNAC ST GENIEZ;87783340;2;Tarif Normal;assise;9.8;19.0
Intercités de jour sans réservation obligatoire;AUMONT AUBRAC;87783266;CAMPAGNAC ST GENIEZ;87783340;1;Tarif Normal;assise;10.700000000000001;22.5
Intercités de jour sans réservation obligatoire;ST GERMAIN DES FOSSES;87732206;ST PIERRE DES CORPS;87571240;2;Tarif Normal;assise;15.0;47.0
Intercités de jour sans réservation obligatoire;ST FLOUR CHAUDES AIGUES;87783175;LE MONASTIER;87783308;2;Tarif Normal;assise;8.0;14.8
Intercités de jour sans réservation obligatoire;AUMONT AUBRAC;87783266;MILLAU;87783001;1;Tarif Normal;assise;11.3;25.0
Intercités de jour sans réservation obligatoire;ST JEAN DE LUZ CIBOURE;87677120;TOULOUSE MATABIAU;87611004;2;Tarif Normal;assise;20.0;54.0
Intercités de jour sans réservation obligatoire;ST FLOUR CHAUDES AIGUES;87783175;ST GEORGES DE LUZENCON;87783423;2;Tarif Normal;assise;10.0;29.0
Intercités de jour sans réservation obligatoire;AUMONT AUBRAC;87783266;TOURNEMIRE ROQUEFORT;87783456;1;Tarif Normal;assise;12.0;30.0
Intercités de jour sans réservation obligatoire;ST ROME DE CERNON;87783431;LE MONASTIER;87783308;2;Tarif Normal;assise;9.0;17.5
Intercités de jour sans réservation obligatoire;ST GAUDENS;87611137;MONTREJEAU GOURDAN POLIGNAN;87611152;2;Tarif Normal;assise;2.0;3.5
Intercités de jour sans réservation obligatoire;BANASSAC LA CANOURGUE;87783324;LE MONASTIER;87783308;1;Tarif Normal;assise;4.0;10.9
Intercités de jour sans réservation obligatoire;ST ROME DE CERNON;87783431;NEUSSARGUES;87645507;2;Tarif Normal;assise;10.0;31.0
Intercités de jour sans réservation obligatoire;ST GAUDENS;87611137;ST JEAN DE LUZ CIBOURE;87677120;2;Tarif Normal;assise;10.0;42.0
Intercités de jour sans réservation obligatoire;BANASSAC LA CANOURGUE;87783324;MILLAU;87783001;1;Tarif Normal;assise;8.8;19.0
Intercités de jour sans réservation obligatoire;ST ROME DE CERNON;87783431;TOURNEMIRE ROQUEFORT;87783456;2;Tarif Normal;assise;1.4;2.3000000000000003
Intercités de jour sans réservation obligatoire;ST JEAN DE LUZ CIBOURE;87677120;TARBES;87671008;2;Tarif Normal;assise;10.0;32.0
Intercités de jour sans réservation obligatoire;BEDARIEUX;87781609;ST GEORGES DE LUZENCON;87783423;1;Tarif Normal;assise;9.600000000000001;20.5
Intercités de jour sans réservation obligatoire;TOURNEMIRE ROQUEFORT;87783456;LE MONASTIER;87783308;2;Tarif Normal;assise;10.0;18.5
Intercités de jour sans réservation obligatoire;TARARE;87721472;LYON PART DIEU;87723197;2;Tarif Normal;assise;6.0;12.4
Intercités de jour sans réservation obligatoire;BEDARIEUX;87781609;ST ROME DE CERNON;87783431;1;Tarif Normal;assise;8.9;19.5
Intercités de jour sans réservation obligatoire;ANGERS ST LAUD;87484006;LYON PART DIEU;87723197;1;Tarif Normal;assise;20.0;114.0
Intercités de jour sans réservation obligatoire;TARARE;87721472;VICHY;87732008;2;Tarif Normal;assise;11.0;24.0
Intercités de jour sans réservation obligatoire;BEZIERS;87781005;CEILHES ROQUEREDONDE;87781542;1;Tarif Normal;assise;10.0;21.5
Intercités de jour sans réservation obligatoire;ANGERS ST LAUD;87484006;LYON PERRACHE;87722025;1;Tarif Normal;assise;20.0;114.0
Intercités de jour sans réservation obligatoire;TOUL;87141044;CHALON SUR SAONE;87725002;2;Tarif Normal;assise;15.0;51.0
Intercités de jour sans réservation obligatoire;BEZIERS;87781005;MAGALAS;87781666;1;Tarif Normal;assise;7.800000000000001;17.5
Intercités de jour sans réservation obligatoire;ANGERS ST LAUD;87484006;ST GERMAIN DES FOSSES;87732206;1;Tarif Normal;assise;24.0;87.0
Intercités de jour sans réservation obligatoire;TOURS;87571000;BOURGES;87576207;2;Tarif Normal;assise;14.9;27.0
Intercités de jour sans réservation obligatoire;BIARRITZ;87673400;LOURDES;87671339;1;Tarif Normal;assise;13.0;44.0
Intercités de jour sans réservation obligatoire;ARVANT;87734251;ALES;87775288;1;Tarif Normal;assise;13.0;48.0
Intercités de jour sans réservation obligatoire;ANGERS ST LAUD;87484006;ROANNE;87726802;1;Tarif Normal;assise;24.0;92.0
Intercités de jour sans réservation obligatoire;BIARRITZ;87673400;ST JEAN DE LUZ CIBOURE;87677120;1;Tarif Normal;assise;4.0;10.5
Intercités de jour sans réservation obligatoire;ARVANT;87734251;LE BOUSQUET D'ORB;87781583;1;Tarif Normal;assise;18.0;60.0
Intercités de jour sans réservation obligatoire;ARVANT;87734251;CEILHES ROQUEREDONDE;87781542;1;Tarif Normal;assise;13.0;58.0
Intercités de jour sans réservation obligatoire;BORDEAUX ST JEAN;87581009;LUCON;87486258;1;Tarif Normal;assise;16.0;58.0
Intercités de jour sans réservation obligatoire;ARVANT;87734251;ST CHELY D'APCHER;87783241;1;Tarif Normal;assise;10.5;23.5
Intercités de jour sans réservation obligatoire;ARVANT;87734251;CLERMONT FERRAND;87734004;1;Tarif Normal;assise;9.200000000000001;20.0
Intercités de jour sans réservation obligatoire;BORDEAUX ST JEAN;87581009;SAINTES;87491001;1;Tarif Normal;assise;12.0;30.0
Intercités de jour sans réservation obligatoire;ARVANT;87734251;ST ROME DE CERNON;87783431;1;Tarif Normal;assise;13.0;53.0
Intercités de jour sans réservation obligatoire;ARVANT;87734251;MAGALAS;87781666;1;Tarif Normal;assise;19.0;75.0
Intercités de jour sans réservation obligatoire;BRASSAC LES MINES STE FLORINE;87734244;CAMPAGNAC ST GENIEZ;87783340;1;Tarif Normal;assise;13.0;46.0
Intercités de jour sans réservation obligatoire;AUMONT AUBRAC;87783266;ST ROME DE CERNON;87783431;1;Tarif Normal;assise;12.0;29.0
Intercités de jour sans réservation obligatoire;ARVANT;87734251;MASSIAC BLESLE;87734871;1;Tarif Normal;assise;7.5;17.0
Intercités de jour sans réservation obligatoire;BRASSAC LES MINES STE FLORINE;87734244;ST ROME DE CERNON;87783431;1;Tarif Normal;assise;13.0;54.0
Intercités de jour sans réservation obligatoire;BANASSAC LA CANOURGUE;87783324;ST GEORGES DE LUZENCON;87783423;1;Tarif Normal;assise;9.9;21.0
Intercités de jour sans réservation obligatoire;ARVANT;87734251;MILLAU;87783001;1;Tarif Normal;assise;13.0;51.0
Intercités de jour sans réservation obligatoire;CAMPAGNAC ST GENIEZ;87783340;ST GEORGES DE LUZENCON;87783423;1;Tarif Normal;assise;8.6;18.5
Intercités de jour sans réservation obligatoire;BANASSAC LA CANOURGUE;87783324;ST ROME DE CERNON;87783431;1;Tarif Normal;assise;10.5;22.0
Intercités de jour sans réservation obligatoire;AUMONT AUBRAC;87783266;MARVEJOLS;87783282;1;Tarif Normal;assise;5.1000000000000005;12.600000000000001
Intercités de jour sans réservation obligatoire;CEILHES ROQUEREDONDE;87781542;ST FLOUR CHAUDES AIGUES;87783175;1;Tarif Normal;assise;13.0;48.0
Intercités de jour sans réservation obligatoire;BAYONNE;87673004;ST JEAN DE LUZ CIBOURE;87677120;1;Tarif Normal;assise;5.2;12.8
Intercités de jour sans réservation obligatoire;AUMONT AUBRAC;87783266;NEUSSARGUES;87645507;1;Tarif Normal;assise;9.9;21.0
Intercités de jour sans réservation obligatoire;CEILHES ROQUEREDONDE;87781542;ST ROME DE CERNON;87783431;1;Tarif Normal;assise;6.2;14.600000000000001
Intercités de jour sans réservation obligatoire;BEDARIEUX;87781609;AUMONT AUBRAC;87783266;1;Tarif Normal;assise;13.0;45.0
Intercités de jour sans réservation obligatoire;BANASSAC LA CANOURGUE;87783324;TOURNEMIRE ROQUEFORT;87783456;1;Tarif Normal;assise;10.4;23.0
Intercités de jour sans réservation obligatoire;CHALON SUR SAONE;87725002;LYON PART DIEU;87723197;1;Tarif Normal;assise;11.0;33.0
Intercités de jour sans réservation obligatoire;BEDARIEUX;87781609;CAMPAGNAC ST GENIEZ;87783340;1;Tarif Normal;assise;12.0;30.0
Intercités de jour sans réservation obligatoire;BAYONNE;87673004;TOULOUSE MATABIAU;87611004;1;Tarif Normal;assise;24.0;76.0
Intercités de jour sans réservation obligatoire;CLERMONT FERRAND;87734004;AUMONT AUBRAC;87783266;1;Tarif Normal;assise;13.0;46.0
Intercités de jour sans réservation obligatoire;BEDARIEUX;87781609;LE MONASTIER;87783308;1;Tarif Normal;assise;12.0;34.0
Intercités de jour sans réservation obligatoire;BEDARIEUX;87781609;NEUSSARGUES;87645507;1;Tarif Normal;assise;13.0;54.0
Intercités de jour sans réservation obligatoire;CLERMONT FERRAND;87734004;BANASSAC LA CANOURGUE;87783324;1;Tarif Normal;assise;13.0;51.0
Intercités de jour sans réservation obligatoire;BEDARIEUX;87781609;MILLAU;87783001;1;Tarif Normal;assise;10.600000000000001;22.0
Intercités de jour sans réservation obligatoire;BEDARIEUX;87781609;ST CHELY D'APCHER;87783241;1;Tarif Normal;assise;13.0;47.0
Intercités de jour sans réservation obligatoire;CLERMONT FERRAND;87734004;BEDARIEUX;87781609;1;Tarif Normal;assise;19.0;79.0
Intercités de jour sans réservation obligatoire;BEDARIEUX;87781609;ST FLOUR CHAUDES AIGUES;87783175;1;Tarif Normal;assise;13.0;52.0
Intercités de jour sans réservation obligatoire;BEZIERS;87781005;MARVEJOLS;87783282;1;Tarif Normal;assise;13.0;48.0
Intercités de jour sans réservation obligatoire;CLERMONT FERRAND;87734004;BRASSAC LES MINES STE FLORINE;87734244;1;Tarif Normal;assise;8.6;18.5
Intercités de jour sans réservation obligatoire;BEZIERS;87781005;AUMONT AUBRAC;87783266;1;Tarif Normal;assise;13.0;51.0
Intercités de jour sans réservation obligatoire;BEZIERS;87781005;SEVERAC-LE-CHATEAU;87783365;1;Tarif Normal;assise;12.0;37.0
Intercités de jour sans réservation obligatoire;CLERMONT FERRAND;87734004;NEUSSARGUES;87645507;1;Tarif Normal;assise;12.0;28.5
Intercités de jour sans réservation obligatoire;BEZIERS;87781005;LE MONASTIER;87783308;1;Tarif Normal;assise;13.0;48.0
Intercités de jour sans réservation obligatoire;BIARRITZ;87673400;LANNEMEZAN;87671123;1;Tarif Normal;assise;13.0;51.0
Intercités de jour sans réservation obligatoire;CLERMONT FERRAND;87734004;SEVERAC-LE-CHATEAU;87783365;1;Tarif Normal;assise;13.0;56.0
Intercités de jour sans réservation obligatoire;BEZIERS;87781005;NEUSSARGUES;87645507;1;Tarif Normal;assise;18.0;60.0
Intercités de jour sans réservation obligatoire;BIARRITZ;87673400;TARBES;87671008;1;Tarif Normal;assise;13.0;46.0
Intercités de jour sans réservation obligatoire;CLERMONT FERRAND;87734004;ST GEORGES DE LUZENCON;87783423;1;Tarif Normal;assise;18.0;61.0
Intercités de jour sans réservation obligatoire;BEZIERS;87781005;ST CHELY D'APCHER;87783241;1;Tarif Normal;assise;13.0;52.0
Intercités de jour sans réservation obligatoire;BORDEAUX ST JEAN;87581009;LES SABLES D'OLONNE;87486449;1;Tarif Normal;assise;22.0;72.0
Intercités de jour sans réservation obligatoire;CLISSON;87481440;ROCHEFORT;87485144;1;Tarif Normal;assise;14.0;49.0
Intercités de jour sans réservation obligatoire;BORDEAUX ST JEAN;87581009;LA ROCHE SUR YON;87486019;1;Tarif Normal;assise;18.0;63.0
Intercités de jour sans réservation obligatoire;BORDEAUX ST JEAN;87581009;ROCHEFORT;87485144;1;Tarif Normal;assise;13.0;45.0
Intercités de jour sans réservation obligatoire;COARRAZE NAY;87672139;LOURDES;87671339;1;Tarif Normal;assise;5.1000000000000005;12.600000000000001
Intercités de jour sans réservation obligatoire;BOURGES;87576207;MOULINS SUR ALLIER;87696328;1;Tarif Normal;assise;13.4;27.0
Intercités de jour sans réservation obligatoire;BOURGES;87576207;LYON PART DIEU;87723197;1;Tarif Normal;assise;19.0;75.0
Intercités de jour sans réservation obligatoire;COARRAZE NAY;87672139;ORTHEZ;87672253;1;Tarif Normal;assise;9.0;19.5
Intercités de jour sans réservation obligatoire;BRASSAC LES MINES STE FLORINE;87734244;AUMONT AUBRAC;87783266;1;Tarif Normal;assise;12.0;31.0
Intercités de jour sans réservation obligatoire;BOURGES;87576207;LYON PERRACHE;87722025;1;Tarif Normal;assise;19.0;75.0
Intercités de jour sans réservation obligatoire;DIJON VILLE;87713040;CULMONT CHALINDREY;87142125;1;Tarif Normal;assise;11.0;33.0
Intercités de jour sans réservation obligatoire;BRASSAC LES MINES STE FLORINE;87734244;LE MONASTIER;87783308;1;Tarif Normal;assise;12.0;34.0
Intercités de jour sans réservation obligatoire;BOURGES;87576207;LYON VAISE;87721001;1;Tarif Normal;assise;18.0;65.0
Intercités de jour sans réservation obligatoire;ISSOIRE;87734202;LE BOUSQUET D'ORB;87781583;1;Tarif Normal;assise;19.0;74.0
Intercités de jour sans réservation obligatoire;BRASSAC LES MINES STE FLORINE;87734244;MARVEJOLS;87783282;1;Tarif Normal;assise;12.0;34.0
Intercités de jour sans réservation obligatoire;BOURGES;87576207;NANTES;87481002;1;Tarif Normal;assise;19.0;78.0
Intercités de jour sans réservation obligatoire;ISSOIRE;87734202;MAGALAS;87781666;1;Tarif Normal;assise;19.0;78.0
Intercités de jour sans réservation obligatoire;BRASSAC LES MINES STE FLORINE;87734244;MILLAU;87783001;1;Tarif Normal;assise;13.0;51.0
Intercités de jour sans réservation obligatoire;BOURGES;87576207;SAINCAIZE;87696260;1;Tarif Normal;assise;8.9;19.5
Intercités de jour sans réservation obligatoire;ISSOIRE;87734202;NEUSSARGUES;87645507;1;Tarif Normal;assise;10.5;22.0
Intercités de jour sans réservation obligatoire;BRASSAC LES MINES STE FLORINE;87734244;NEUSSARGUES;87645507;1;Tarif Normal;assise;8.700000000000001;19.0
Intercités de jour sans réservation obligatoire;BOURGES;87576207;ST GERMAIN DES FOSSES;87732206;1;Tarif Normal;assise;12.0;37.0
Intercités de jour sans réservation obligatoire;ISSOIRE;87734202;ST FLOUR CHAUDES AIGUES;87783175;1;Tarif Normal;assise;12.0;28.5
Intercités de jour sans réservation obligatoire;BRASSAC LES MINES STE FLORINE;87734244;ST CHELY D'APCHER;87783241;1;Tarif Normal;assise;12.0;29.0
Intercités de jour sans réservation obligatoire;BRASSAC LES MINES STE FLORINE;87734244;BANASSAC LA CANOURGUE;87783324;1;Tarif Normal;assise;13.0;44.0
Intercités de jour sans réservation obligatoire;JONZAC;87491142;CLISSON;87481440;1;Tarif Normal;assise;18.0;62.0
Intercités de jour sans réservation obligatoire;BRASSAC LES MINES STE FLORINE;87734244;TOURNEMIRE ROQUEFORT;87783456;1;Tarif Normal;assise;13.0;56.0
Intercités de jour sans réservation obligatoire;BRASSAC LES MINES STE FLORINE;87734244;CEILHES ROQUEREDONDE;87781542;1;Tarif Normal;assise;18.0;59.0
Intercités de jour sans réservation obligatoire;JONZAC;87491142;LES SABLES D'OLONNE;87486449;1;Tarif Normal;assise;18.0;62.0
Intercités de jour sans réservation obligatoire;CAMPAGNAC ST GENIEZ;87783340;MILLAU;87783001;1;Tarif Normal;assise;7.5;17.0
Intercités de jour sans réservation obligatoire;BRASSAC LES MINES STE FLORINE;87734244;LE BOUSQUET D'ORB;87781583;1;Tarif Normal;assise;18.0;61.0
Intercités de jour sans réservation obligatoire;JONZAC;87491142;LUCON;87486258;1;Tarif Normal;assise;13.0;46.0
Intercités de jour sans réservation obligatoire;CEILHES ROQUEREDONDE;87781542;BANASSAC LA CANOURGUE;87783324;1;Tarif Normal;assise;12.3;27.5
Intercités de jour sans réservation obligatoire;BRASSAC LES MINES STE FLORINE;87734244;MASSIAC BLESLE;87734871;1;Tarif Normal;assise;6.1000000000000005;14.4
Intercités de jour sans réservation obligatoire;LE BOUSQUET D'ORB;87781583;ST GEORGES DE LUZENCON;87783423;1;Tarif Normal;assise;8.5;18.5
Intercités de jour sans réservation obligatoire;CEILHES ROQUEREDONDE;87781542;CAMPAGNAC ST GENIEZ;87783340;1;Tarif Normal;assise;11.3;25.0
Intercités de jour sans réservation obligatoire;CAMPAGNAC ST GENIEZ;87783340;ST ROME DE CERNON;87783431;1;Tarif Normal;assise;9.200000000000001;20.0
Intercités de jour sans réservation obligatoire;LE BOUSQUET D'ORB;87781583;ST ROME DE CERNON;87783431;1;Tarif Normal;assise;7.800000000000001;17.5
Intercités de jour sans réservation obligatoire;CEILHES ROQUEREDONDE;87781542;MARVEJOLS;87783282;1;Tarif Normal;assise;12.0;30.0
Intercités de jour sans réservation obligatoire;CAMPAGNAC ST GENIEZ;87783340;TOURNEMIRE ROQUEFORT;87783456;1;Tarif Normal;assise;10.0;21.5
Intercités de jour sans réservation obligatoire;LES SABLES D'OLONNE;87486449;ROCHEFORT;87485144;1;Tarif Normal;assise;14.0;49.0
Intercités de jour sans réservation obligatoire;CEILHES ROQUEREDONDE;87781542;MILLAU;87783001;1;Tarif Normal;assise;8.0;17.5
Intercités de jour sans réservation obligatoire;CEILHES ROQUEREDONDE;87781542;LE MONASTIER;87783308;1;Tarif Normal;assise;12.0;30.0
Intercités de jour sans réservation obligatoire;LES SABLES D'OLONNE;87486449;SAINTES;87491001;1;Tarif Normal;assise;16.0;56.0
Intercités de jour sans réservation obligatoire;CLERMONT FERRAND;87734004;CAMPAGNAC ST GENIEZ;87783340;1;Tarif Normal;assise;13.0;53.0
Intercités de jour sans réservation obligatoire;CEILHES ROQUEREDONDE;87781542;ST CHELY D'APCHER;87783241;1;Tarif Normal;assise;13.0;44.0
Intercités de jour sans réservation obligatoire;LUCON;87486258;NANTES;87481002;1;Tarif Normal;assise;13.200000000000001;29.0
Intercités de jour sans réservation obligatoire;CLERMONT FERRAND;87734004;ISSOIRE;87734202;1;Tarif Normal;assise;6.800000000000001;15.5
Intercités de jour sans réservation obligatoire;CLERMONT FERRAND;87734004;CEILHES ROQUEREDONDE;87781542;1;Tarif Normal;assise;19.0;76.0
Intercités de jour sans réservation obligatoire;LYON PART DIEU;87723197;ST PIERRE DES CORPS;87571240;1;Tarif Normal;assise;19.0;93.0
Intercités de jour sans réservation obligatoire;CLERMONT FERRAND;87734004;MASSIAC BLESLE;87734871;1;Tarif Normal;assise;10.600000000000001;23.5
Intercités de jour sans réservation obligatoire;CLERMONT FERRAND;87734004;LYON PART DIEU;87723197;1;Tarif Normal;assise;18.0;56.0
Intercités de jour sans réservation obligatoire;LYON PERRACHE;87722025;NANTES;87481002;1;Tarif Normal;assise;30.0;121.0
Intercités de jour sans réservation obligatoire;CLERMONT FERRAND;87734004;MILLAU;87783001;1;Tarif Normal;assise;18.0;59.0
Intercités de jour sans réservation obligatoire;CLERMONT FERRAND;87734004;RIOM CHATEL GUYON;87734053;1;Tarif Normal;assise;4.0;10.9
Intercités de jour sans réservation obligatoire;LYON PERRACHE;87722025;ROANNE;87726802;1;Tarif Normal;assise;10.100000000000001;25.5
Intercités de jour sans réservation obligatoire;CLISSON;87481440;LA ROCHE SUR YON;87486019;1;Tarif Normal;assise;10.700000000000001;22.0
Intercités de jour sans réservation obligatoire;CLERMONT FERRAND;87734004;ST CHELY D'APCHER;87783241;1;Tarif Normal;assise;13.0;45.0
Intercités de jour sans réservation obligatoire;LYON PERRACHE;87722025;ST GERMAIN DES FOSSES;87732206;1;Tarif Normal;assise;13.0;45.0
Intercités de jour sans réservation obligatoire;COARRAZE NAY;87672139;TOULOUSE MATABIAU;87611004;1;Tarif Normal;assise;13.0;49.0
Intercités de jour sans réservation obligatoire;CLERMONT FERRAND;87734004;ST FLOUR CHAUDES AIGUES;87783175;1;Tarif Normal;assise;12.0;31.0
Intercités de jour sans réservation obligatoire;LYON PERRACHE;87722025;ST PIERRE DES CORPS;87571240;1;Tarif Normal;assise;19.0;93.0
Intercités de jour sans réservation obligatoire;CULMONT CHALINDREY;87142125;CHALON SUR SAONE;87725002;1;Tarif Normal;assise;11.0;44.0
Intercités de jour sans réservation obligatoire;CLERMONT FERRAND;87734004;ST ROME DE CERNON;87783431;1;Tarif Normal;assise;18.0;62.0
Intercités de jour sans réservation obligatoire;LYON PERRACHE;87722025;VIERZON VILLE;87576009;1;Tarif Normal;assise;19.0;78.0
Intercités de jour sans réservation obligatoire;DIJON VILLE;87713040;CHALON SUR SAONE;87725002;1;Tarif Normal;assise;11.0;33.0
Intercités de jour sans réservation obligatoire;CLERMONT FERRAND;87734004;TOURNEMIRE ROQUEFORT;87783456;1;Tarif Normal;assise;18.0;63.0
Intercités de jour sans réservation obligatoire;LYON VAISE;87721001;ST GERMAIN DES FOSSES;87732206;1;Tarif Normal;assise;12.0;37.0
Intercités de jour sans réservation obligatoire;DIJON VILLE;87713040;LYON PART DIEU;87723197;1;Tarif Normal;assise;12.0;52.0
Intercités de jour sans réservation obligatoire;COARRAZE NAY;87672139;ST JEAN DE LUZ CIBOURE;87677120;1;Tarif Normal;assise;14.4;34.0
Intercités de jour sans réservation obligatoire;LYON VAISE;87721001;ST PIERRE DES CORPS;87571240;1;Tarif Normal;assise;19.0;93.0
Intercités de jour sans réservation obligatoire;HENDAYE;87677005;LOURDES;87671339;1;Tarif Normal;assise;13.0;46.0
Intercités de jour sans réservation obligatoire;DIJON VILLE;87713040;LYON PERRACHE;87722025;1;Tarif Normal;assise;12.0;52.0
Intercités de jour sans réservation obligatoire;MAGALAS;87781666;BANASSAC LA CANOURGUE;87783324;1;Tarif Normal;assise;13.0;44.0
Intercités de jour sans réservation obligatoire;HENDAYE;87677005;ST JEAN DE LUZ CIBOURE;87677120;1;Tarif Normal;assise;4.0;10.5
Intercités de jour sans réservation obligatoire;DIJON VILLE;87713040;NANCY;87141002;1;Tarif Normal;assise;18.0;56.0
Intercités de jour sans réservation obligatoire;MAGALAS;87781666;ST ROME DE CERNON;87783431;1;Tarif Normal;assise;10.4;23.0
Intercités de jour sans réservation obligatoire;HENDAYE;87677005;TARBES;87671008;1;Tarif Normal;assise;13.0;49.0
Intercités de jour sans réservation obligatoire;HENDAYE;87677005;BAYONNE;87673004;1;Tarif Normal;assise;6.800000000000001;15.5
Intercités de jour sans réservation obligatoire;MARVEJOLS;87783282;NEUSSARGUES;87645507;1;Tarif Normal;assise;11.0;24.5
Intercités de jour sans réservation obligatoire;ISSOIRE;87734202;BRASSAC LES MINES STE FLORINE;87734244;1;Tarif Normal;assise;8.200000000000001;18.0
Intercités de jour sans réservation obligatoire;HENDAYE;87677005;MONTREJEAU GOURDAN POLIGNAN;87611152;1;Tarif Normal;assise;13.0;57.0
Intercités de jour sans réservation obligatoire;MASSIAC BLESLE;87734871;CEILHES ROQUEREDONDE;87781542;1;Tarif Normal;assise;13.0;54.0
Intercités de jour sans réservation obligatoire;ISSOIRE;87734202;ST ROME DE CERNON;87783431;1;Tarif Normal;assise;13.0;57.0
Intercités de jour sans réservation obligatoire;HENDAYE;87677005;ST GAUDENS;87611137;1;Tarif Normal;assise;13.0;59.0
Intercités de jour sans réservation obligatoire;MASSIAC BLESLE;87734871;LE BOUSQUET D'ORB;87781583;1;Tarif Normal;assise;13.0;57.0
Intercités de jour sans réservation obligatoire;JONZAC;87491142;NANTES;87481002;1;Tarif Normal;assise;18.0;62.0
Intercités de jour sans réservation obligatoire;HENDAYE;87677005;TOULOUSE MATABIAU;87611004;1;Tarif Normal;assise;24.0;80.0
Intercités de jour sans réservation obligatoire;MASSIAC BLESLE;87734871;NEUSSARGUES;87645507;1;Tarif Normal;assise;5.6000000000000005;13.4
Intercités de jour sans réservation obligatoire;LA ROCHELLE VILLE;87485003;LA ROCHE SUR YON;87486019;1;Tarif Normal;assise;11.200000000000001;26.5
Intercités de jour sans réservation obligatoire;ISSOIRE;87734202;MARVEJOLS;87783282;1;Tarif Normal;assise;13.0;45.0
Intercités de jour sans réservation obligatoire;MONTREJEAU GOURDAN POLIGNAN;87611152;TARBES;87671008;1;Tarif Normal;assise;8.5;18.5
Intercités de jour sans réservation obligatoire;LA ROCHELLE VILLE;87485003;LES SABLES D'OLONNE;87486449;1;Tarif Normal;assise;12.0;38.0
Intercités de jour sans réservation obligatoire;ISSOIRE;87734202;MILLAU;87783001;1;Tarif Normal;assise;13.0;54.0
Intercités de jour sans réservation obligatoire;NANTES;87481002;ROANNE;87726802;1;Tarif Normal;assise;30.0;110.0
Intercités de jour sans réservation obligatoire;LA ROCHELLE VILLE;87485003;SAINTES;87491001;1;Tarif Normal;assise;10.3;22.0
Intercités de jour sans réservation obligatoire;ISSOIRE;87734202;TOURNEMIRE ROQUEFORT;87783456;1;Tarif Normal;assise;13.0;58.0
Intercités de jour sans réservation obligatoire;NANTES;87481002;ST PIERRE DES CORPS;87571240;1;Tarif Normal;assise;13.0;48.0
Intercités de jour sans réservation obligatoire;LANNEMEZAN;87671123;BAYONNE;87673004;1;Tarif Normal;assise;17.5;49.0
Intercités de jour sans réservation obligatoire;JONZAC;87491142;LA ROCHE SUR YON;87486019;1;Tarif Normal;assise;14.0;51.0
Intercités de jour sans réservation obligatoire;NEUFCHATEAU;87141291;CHALON SUR SAONE;87725002;1;Tarif Normal;assise;18.0;56.0
Intercités de jour sans réservation obligatoire;LANNEMEZAN;87671123;TARBES;87671008;1;Tarif Normal;assise;6.800000000000001;15.5
Intercités de jour sans réservation obligatoire;JONZAC;87491142;ROCHEFORT;87485144;1;Tarif Normal;assise;11.600000000000001;23.5
Intercités de jour sans réservation obligatoire;NEVERS;87696005;ROANNE;87726802;1;Tarif Normal;assise;13.0;45.0
Intercités de jour sans réservation obligatoire;LE BOUSQUET D'ORB;87781583;BANASSAC LA CANOURGUE;87783324;1;Tarif Normal;assise;12.0;30.0
Intercités de jour sans réservation obligatoire;LA ROCHELLE VILLE;87485003;ROCHEFORT;87485144;1;Tarif Normal;assise;8.9;14.100000000000001
Intercités de jour sans réservation obligatoire;NEVERS;87696005;SAINCAIZE;87696260;1;Tarif Normal;assise;3.8000000000000003;10.200000000000001
Intercités de jour sans réservation obligatoire;LE BOUSQUET D'ORB;87781583;BEDARIEUX;87781609;1;Tarif Normal;assise;3.8000000000000003;10.200000000000001
Intercités de jour sans réservation obligatoire;LANNEMEZAN;87671123;MONTREJEAU GOURDAN POLIGNAN;87611152;1;Tarif Normal;assise;4.4;11.4
Intercités de jour sans réservation obligatoire;ORTHEZ;87672253;MONTREJEAU GOURDAN POLIGNAN;87611152;1;Tarif Normal;assise;16.0;44.0
Intercités de jour sans réservation obligatoire;LE BOUSQUET D'ORB;87781583;LE MONASTIER;87783308;1;Tarif Normal;assise;12.0;32.0
Intercités de jour sans réservation obligatoire;LE BOUSQUET D'ORB;87781583;CAMPAGNAC ST GENIEZ;87783340;1;Tarif Normal;assise;12.600000000000001;28.0
Intercités de jour sans réservation obligatoire;PAU;87672006;LOURDES;87671339;1;Tarif Normal;assise;7.0;16.0
Intercités de jour sans réservation obligatoire;LE BOUSQUET D'ORB;87781583;MAGALAS;87781666;1;Tarif Normal;assise;6.7;15.5
Intercités de jour sans réservation obligatoire;LE BOUSQUET D'ORB;87781583;NEUSSARGUES;87645507;1;Tarif Normal;assise;13.0;52.0
Intercités de jour sans réservation obligatoire;PAU;87672006;ST JEAN DE LUZ CIBOURE;87677120;1;Tarif Normal;assise;12.0;31.0
Intercités de jour sans réservation obligatoire;LE BOUSQUET D'ORB;87781583;ST CHELY D'APCHER;87783241;1;Tarif Normal;assise;13.0;45.0
Intercités de jour sans réservation obligatoire;LE MONASTIER;87783308;MILLAU;87783001;1;Tarif Normal;assise;10.0;21.5
Intercités de jour sans réservation obligatoire;ROANNE;87726802;SAINCAIZE;87696260;1;Tarif Normal;assise;17.5;44.0
Intercités de jour sans réservation obligatoire;LE BOUSQUET D'ORB;87781583;ST FLOUR CHAUDES AIGUES;87783175;1;Tarif Normal;assise;13.0;50.0
Intercités de jour sans réservation obligatoire;LUCON;87486258;LA ROCHELLE VILLE;87485003;1;Tarif Normal;assise;9.8;21.0
Intercités de jour sans réservation obligatoire;ROANNE;87726802;ST GERMAIN DES FOSSES;87732206;1;Tarif Normal;assise;9.8;21.0
Intercités de jour sans réservation obligatoire;LE BOUSQUET D'ORB;87781583;TOURNEMIRE ROQUEFORT;87783456;1;Tarif Normal;assise;7.1000000000000005;16.0
Intercités de jour sans réservation obligatoire;LUCON;87486258;ROCHEFORT;87485144;1;Tarif Normal;assise;12.0;25.0
Intercités de jour sans réservation obligatoire;ROANNE;87726802;VIERZON VILLE;87576009;1;Tarif Normal;assise;18.0;55.0
Intercités de jour sans réservation obligatoire;LE MONASTIER;87783308;SEVERAC-LE-CHATEAU;87783365;1;Tarif Normal;assise;7.0;16.5
Intercités de jour sans réservation obligatoire;LYON PART DIEU;87723197;NEVERS;87696005;1;Tarif Normal;assise;13.0;58.0
Intercités de jour sans réservation obligatoire;SAUMUR;87487603;LYON PART DIEU;87723197;1;Tarif Normal;assise;25.0;107.0
Intercités de jour sans réservation obligatoire;LES SABLES D'OLONNE;87486449;LA ROCHE SUR YON;87486019;1;Tarif Normal;assise;10.700000000000001;22.0
Intercités de jour sans réservation obligatoire;LYON VAISE;87721001;VIERZON VILLE;87576009;1;Tarif Normal;assise;19.0;78.0
Intercités de jour sans réservation obligatoire;SAUMUR;87487603;NANTES;87481002;1;Tarif Normal;assise;12.0;31.0
Intercités de jour sans réservation obligatoire;LOURDES;87671339;BAYONNE;87673004;1;Tarif Normal;assise;12.0;33.0
Intercités de jour sans réservation obligatoire;MACON VILLE;87725689;NEUFCHATEAU;87141291;1;Tarif Normal;assise;17.0;58.0
Intercités de jour sans réservation obligatoire;SAUMUR;87487603;ROANNE;87726802;1;Tarif Normal;assise;24.0;87.0
Intercités de jour sans réservation obligatoire;LOURDES;87671339;TOULOUSE MATABIAU;87611004;1;Tarif Normal;assise;13.0;46.0
Intercités de jour sans réservation obligatoire;MAGALAS;87781666;ST GEORGES DE LUZENCON;87783423;1;Tarif Normal;assise;11.0;24.0
Intercités de jour sans réservation obligatoire;SAUMUR;87487603;VIERZON VILLE;87576009;1;Tarif Normal;assise;13.0;46.0
Intercités de jour sans réservation obligatoire;LUCON;87486258;SAINTES;87491001;1;Tarif Normal;assise;12.0;33.0
Intercités de jour sans réservation obligatoire;MAGALAS;87781666;TOURNEMIRE ROQUEFORT;87783456;1;Tarif Normal;assise;10.5;22.0
Intercités de jour sans réservation obligatoire;SEVERAC-LE-CHATEAU;87783365;BRASSAC LES MINES STE FLORINE;87734244;1;Tarif Normal;assise;13.0;48.0
Intercités de jour sans réservation obligatoire;LYON PART DIEU;87723197;LYON PERRACHE;87722025;1;Tarif Normal;assise;5.800000000000001;11.200000000000001
Intercités de jour sans réservation obligatoire;MARVEJOLS;87783282;BANASSAC LA CANOURGUE;87783324;1;Tarif Normal;assise;4.3;10.9
Intercités de jour sans réservation obligatoire;SEVERAC-LE-CHATEAU;87783365;MARVEJOLS;87783282;1;Tarif Normal;assise;7.300000000000001;16.5
Intercités de jour sans réservation obligatoire;LYON PART DIEU;87723197;NEUFCHATEAU;87141291;1;Tarif Normal;assise;19.0;83.0
Intercités de jour sans réservation obligatoire;MARVEJOLS;87783282;CAMPAGNAC ST GENIEZ;87783340;1;Tarif Normal;assise;5.9;14.0
Intercités de jour sans réservation obligatoire;SEVERAC-LE-CHATEAU;87783365;ST GEORGES DE LUZENCON;87783423;1;Tarif Normal;assise;7.300000000000001;16.5
Intercités de jour sans réservation obligatoire;LYON PART DIEU;87723197;ROANNE;87726802;1;Tarif Normal;assise;12.100000000000001;25.5
Intercités de jour sans réservation obligatoire;MASSIAC BLESLE;87734871;AUMONT AUBRAC;87783266;1;Tarif Normal;assise;11.3;25.0
Intercités de jour sans réservation obligatoire;SEVERAC-LE-CHATEAU;87783365;ST ROME DE CERNON;87783431;1;Tarif Normal;assise;7.9;17.5
Intercités de jour sans réservation obligatoire;LYON PART DIEU;87723197;VICHY;87732008;1;Tarif Normal;assise;18.0;47.0
Intercités de jour sans réservation obligatoire;MASSIAC BLESLE;87734871;BEDARIEUX;87781609;1;Tarif Normal;assise;13.0;58.0
Intercités de jour sans réservation obligatoire;ST CHELY D'APCHER;87783241;AUMONT AUBRAC;87783266;1;Tarif Normal;assise;3.8000000000000003;10.200000000000001
Intercités de jour sans réservation obligatoire;LYON PERRACHE;87722025;MOULINS SUR ALLIER;87696328;1;Tarif Normal;assise;13.0;50.0
Intercités de jour sans réservation obligatoire;MASSIAC BLESLE;87734871;MARVEJOLS;87783282;1;Tarif Normal;assise;12.0;29.5
Intercités de jour sans réservation obligatoire;ST FLOUR CHAUDES AIGUES;87783175;BANASSAC LA CANOURGUE;87783324;1;Tarif Normal;assise;10.700000000000001;23.5
Intercités de jour sans réservation obligatoire;LYON PERRACHE;87722025;RIOM CHATEL GUYON;87734053;1;Tarif Normal;assise;18.0;53.0
Intercités de jour sans réservation obligatoire;MASSIAC BLESLE;87734871;ST FLOUR CHAUDES AIGUES;87783175;1;Tarif Normal;assise;7.5;17.0
Intercités de jour sans réservation obligatoire;ST FLOUR CHAUDES AIGUES;87783175;LE MONASTIER;87783308;1;Tarif Normal;assise;10.0;21.5
Intercités de jour sans réservation obligatoire;LYON PERRACHE;87722025;VICHY;87732008;1;Tarif Normal;assise;18.0;47.0
Intercités de jour sans réservation obligatoire;MASSIAC BLESLE;87734871;ST GEORGES DE LUZENCON;87783423;1;Tarif Normal;assise;13.0;49.0
Intercités de jour sans réservation obligatoire;ST FLOUR CHAUDES AIGUES;87783175;ST ROME DE CERNON;87783431;1;Tarif Normal;assise;13.0;44.0
Intercités de jour sans réservation obligatoire;MACON VILLE;87725689;CHALON SUR SAONE;87725002;1;Tarif Normal;assise;7.0;22.5
Intercités de jour sans réservation obligatoire;MILLAU;87783001;NEUSSARGUES;87645507;1;Tarif Normal;assise;13.0;45.0
Intercités de jour sans réservation obligatoire;ST GAUDENS;87611137;BAYONNE;87673004;1;Tarif Normal;assise;13.0;53.0
Intercités de jour sans réservation obligatoire;MACON VILLE;87725689;TOUL;87141044;1;Tarif Normal;assise;19.0;83.0
Intercités de jour sans réservation obligatoire;MONTREJEAU GOURDAN POLIGNAN;87611152;ST JEAN DE LUZ CIBOURE;87677120;1;Tarif Normal;assise;13.0;56.0
Intercités de jour sans réservation obligatoire;ST GAUDENS;87611137;COARRAZE NAY;87672139;1;Tarif Normal;assise;11.9;28.5
Intercités de jour sans réservation obligatoire;MAGALAS;87781666;CAMPAGNAC ST GENIEZ;87783340;1;Tarif Normal;assise;12.0;33.0
Intercités de jour sans réservation obligatoire;MOULINS SUR ALLIER;87696328;VIERZON VILLE;87576009;1;Tarif Normal;assise;15.0;33.0
Intercités de jour sans réservation obligatoire;ST JEAN DE LUZ CIBOURE;87677120;TARBES;87671008;1;Tarif Normal;assise;13.0;47.0
Intercités de jour sans réservation obligatoire;MAGALAS;87781666;LE MONASTIER;87783308;1;Tarif Normal;assise;13.0;45.0
Intercités de jour sans réservation obligatoire;NANCY;87141002;CHALON SUR SAONE;87725002;1;Tarif Normal;assise;18.0;73.0
Intercités de jour sans réservation obligatoire;ST ROME DE CERNON;87783431;LE MONASTIER;87783308;1;Tarif Normal;assise;11.0;24.5
Intercités de jour sans réservation obligatoire;MAGALAS;87781666;NEUSSARGUES;87645507;1;Tarif Normal;assise;13.0;58.0
Intercités de jour sans réservation obligatoire;NANCY;87141002;NEUFCHATEAU;87141291;1;Tarif Normal;assise;11.0;33.0
Intercités de jour sans réservation obligatoire;TOURNEMIRE ROQUEFORT;87783456;LE MONASTIER;87783308;1;Tarif Normal;assise;12.0;25.5
Intercités de jour sans réservation obligatoire;MARVEJOLS;87783282;LE MONASTIER;87783308;1;Tarif Normal;assise;4.0;9.3
Intercités de jour sans réservation obligatoire;NANCY;87141002;TOUL;87141044;1;Tarif Normal;assise;7.0;22.5
Intercités de nuit à réservation obligatoire;ANDORRE - L'HOSPITALET;87611517;PARIS BERCY;87686667;2;Tarif Normal;assise;19.0;122.0
Intercités de jour sans réservation obligatoire;MARVEJOLS;87783282;ST GEORGES DE LUZENCON;87783423;1;Tarif Normal;assise;10.5;23.5
Intercités de jour sans réservation obligatoire;NANTES;87481002;LA ROCHE SUR YON;87486019;1;Tarif Normal;assise;10.700000000000001;22.0
Intercités de nuit à réservation obligatoire;ASSIER;87613075;PARIS AUSTERLITZ;87547000;2;Tarif Normal;assise;19.0;98.0
Intercités de jour sans réservation obligatoire;MASSIAC BLESLE;87734871;CAMPAGNAC ST GENIEZ;87783340;1;Tarif Normal;assise;12.0;33.0
Intercités de jour sans réservation obligatoire;NANTES;87481002;ROCHEFORT;87485144;1;Tarif Normal;assise;14.0;49.0
Intercités de nuit à réservation obligatoire;ASSIER;87613075;PARIS GARE DE LYON;87686006;2;Tarif Normal;assise;19.0;98.0
Intercités de jour sans réservation obligatoire;MASSIAC BLESLE;87734871;LE MONASTIER;87783308;1;Tarif Normal;assise;12.0;29.5
Intercités de jour sans réservation obligatoire;NANTES;87481002;VIERZON VILLE;87576009;1;Tarif Normal;assise;19.0;74.0
Intercités de nuit à réservation obligatoire;AUBIN;87613224;PARIS GARE DE LYON;87686006;2;Tarif Normal;assise;19.0;111.0
Intercités de jour sans réservation obligatoire;MASSIAC BLESLE;87734871;MILLAU;87783001;1;Tarif Normal;assise;13.0;47.0
Intercités de jour sans réservation obligatoire;NEUFCHATEAU;87141291;TOUL;87141044;1;Tarif Normal;assise;7.0;22.5
Intercités de nuit à réservation obligatoire;AUTERIVE;87611384;LES AUBRAIS;87543017;2;Tarif Normal;assise;19.0;94.0
Intercités de jour sans réservation obligatoire;MASSIAC BLESLE;87734871;TOURNEMIRE ROQUEFORT;87783456;1;Tarif Normal;assise;13.0;51.0
Intercités de jour sans réservation obligatoire;NEUSSARGUES;87645507;ARVANT;87734251;1;Tarif Normal;assise;8.200000000000001;18.0
Intercités de nuit à réservation obligatoire;AUTERIVE;87611384;PARIS BERCY;87686667;2;Tarif Normal;assise;19.0;125.0
Intercités de jour sans réservation obligatoire;MONTREJEAU GOURDAN POLIGNAN;87611152;BAYONNE;87673004;1;Tarif Normal;assise;13.0;51.0
Intercités de jour sans réservation obligatoire;NEUSSARGUES;87645507;ST FLOUR CHAUDES AIGUES;87783175;1;Tarif Normal;assise;4.6000000000000005;11.600000000000001
Intercités de nuit à réservation obligatoire;AUTERIVE;87611384;PARIS GARE DE LYON;87686006;2;Tarif Normal;assise;19.0;125.0
Intercités de jour sans réservation obligatoire;MONTREJEAU GOURDAN POLIGNAN;87611152;TOULOUSE MATABIAU;87611004;1;Tarif Normal;assise;11.200000000000001;26.5
Intercités de jour sans réservation obligatoire;ORTHEZ;87672253;TARBES;87671008;1;Tarif Normal;assise;10.9;26.0
Intercités de nuit à réservation obligatoire;BEZIERS;87781005;PARIS AUSTERLITZ;87547000;2;Tarif Normal;assise;19.0;101.0
Intercités de jour sans réservation obligatoire;NANCY;87141002;MACON VILLE;87725689;1;Tarif Normal;assise;19.0;83.0
Intercités de jour sans réservation obligatoire;ORTHEZ;87672253;TOULOUSE MATABIAU;87611004;1;Tarif Normal;assise;13.0;58.0
Intercités de nuit à réservation obligatoire;BIGANOS FACTURE;87582478;PARIS AUSTERLITZ;87547000;2;Tarif Normal;assise;19.0;104.0
Intercités de jour sans réservation obligatoire;NANTES;87481002;MOULINS SUR ALLIER;87696328;1;Tarif Normal;assise;25.0;100.0
Intercités de jour sans réservation obligatoire;PAU;87672006;BAYONNE;87673004;1;Tarif Normal;assise;12.0;27.5
Intercités de nuit à réservation obligatoire;BIGANOS FACTURE;87582478;PARIS BERCY;87686667;2;Tarif Normal;assise;19.0;104.0
Intercités de jour sans réservation obligatoire;NANTES;87481002;ST GERMAIN DES FOSSES;87732206;1;Tarif Normal;assise;29.0;94.0
Intercités de jour sans réservation obligatoire;PAU;87672006;BIARRITZ;87673400;1;Tarif Normal;assise;12.0;29.5
Intercités de nuit à réservation obligatoire;BRETENOUX BIARS;87594762;PARIS GARE DE LYON;87686006;2;Tarif Normal;assise;19.0;98.0
Intercités de jour sans réservation obligatoire;NEVERS;87696005;MOULINS SUR ALLIER;87696328;1;Tarif Normal;assise;9.1;19.5
Intercités de jour sans réservation obligatoire;PAU;87672006;ST GAUDENS;87611137;1;Tarif Normal;assise;13.100000000000001;31.0
Intercités de nuit à réservation obligatoire;CAPDENAC;87613109;PARIS AUSTERLITZ;87547000;2;Tarif Normal;assise;19.0;98.0
Intercités de jour sans réservation obligatoire;NEVERS;87696005;ST GERMAIN DES FOSSES;87732206;1;Tarif Normal;assise;12.8;26.0
Intercités de jour sans réservation obligatoire;PAU;87672006;TARBES;87671008;1;Tarif Normal;assise;9.1;19.5
Intercités de nuit à réservation obligatoire;CARCASSONNE;87615286;PARIS GARE DE LYON;87686006;2;Tarif Normal;assise;19.0;124.0
Intercités de jour sans réservation obligatoire;ORTHEZ;87672253;LOURDES;87671339;1;Tarif Normal;assise;10.100000000000001;22.5
Intercités de jour sans réservation obligatoire;ROANNE;87726802;MOULINS SUR ALLIER;87696328;1;Tarif Normal;assise;13.4;27.5
Intercités de nuit à réservation obligatoire;CHORGES;87763425;PARIS GARE DE LYON;87686006;2;Tarif Normal;assise;19.0;122.0
Intercités de jour sans réservation obligatoire;PAU;87672006;COARRAZE NAY;87672139;1;Tarif Normal;assise;4.4;11.4
Intercités de jour sans réservation obligatoire;SAUMUR;87487603;LYON VAISE;87721001;1;Tarif Normal;assise;25.0;107.0
Intercités de nuit à réservation obligatoire;DAX;87673202;PARIS GARE DE LYON;87686006;2;Tarif Normal;assise;19.0;104.0
Intercités de jour sans réservation obligatoire;PAU;87672006;MONTREJEAU GOURDAN POLIGNAN;87611152;1;Tarif Normal;assise;12.200000000000001;29.0
Intercités de jour sans réservation obligatoire;SAUMUR;87487603;MOULINS SUR ALLIER;87696328;1;Tarif Normal;assise;19.0;75.0
Intercités de nuit à réservation obligatoire;ELNE;87784207;LES AUBRAIS;87543017;2;Tarif Normal;assise;19.0;118.0
Intercités de jour sans réservation obligatoire;PAU;87672006;TOULOUSE MATABIAU;87611004;1;Tarif Normal;assise;18.0;51.0
Intercités de jour sans réservation obligatoire;SAUMUR;87487603;ST PIERRE DES CORPS;87571240;1;Tarif Normal;assise;14.3;20.5
Intercités de nuit à réservation obligatoire;FIGEAC;87613091;LES AUBRAIS;87543017;2;Tarif Normal;assise;19.0;85.0
Intercités de jour sans réservation obligatoire;SAINCAIZE;87696260;VIERZON VILLE;87576009;1;Tarif Normal;assise;11.8;24.5
Intercités de jour sans réservation obligatoire;SEVERAC-LE-CHATEAU;87783365;CEILHES ROQUEREDONDE;87781542;1;Tarif Normal;assise;10.9;22.5
Intercités de nuit à réservation obligatoire;FIGEAC;87613091;PARIS AUSTERLITZ;87547000;2;Tarif Normal;assise;19.0;98.0
Intercités de jour sans réservation obligatoire;SEVERAC-LE-CHATEAU;87783365;BANASSAC LA CANOURGUE;87783324;1;Tarif Normal;assise;5.7;13.600000000000001
Intercités de jour sans réservation obligatoire;SEVERAC-LE-CHATEAU;87783365;LE BOUSQUET D'ORB;87781583;1;Tarif Normal;assise;11.5;25.0
Intercités de nuit à réservation obligatoire;GAP;87763003;PARIS BERCY;87686667;2;Tarif Normal;assise;19.0;114.0
Intercités de jour sans réservation obligatoire;SEVERAC-LE-CHATEAU;87783365;BEDARIEUX;87781609;1;Tarif Normal;assise;12.3;27.5
Intercités de jour sans réservation obligatoire;ST CHELY D'APCHER;87783241;MILLAU;87783001;1;Tarif Normal;assise;12.3;27.5
Intercités de nuit à réservation obligatoire;GOURDON;87613141;PARIS GARE DE LYON;87686006;2;Tarif Normal;assise;19.0;96.0
Intercités de jour sans réservation obligatoire;SEVERAC-LE-CHATEAU;87783365;ST CHELY D'APCHER;87783241;1;Tarif Normal;assise;10.5;22.0
Intercités de jour sans réservation obligatoire;ST CHELY D'APCHER;87783241;ST ROME DE CERNON;87783431;1;Tarif Normal;assise;12.0;30.0
Intercités de nuit à réservation obligatoire;GRAMAT;87613059;PARIS GARE DE LYON;87686006;2;Tarif Normal;assise;19.0;98.0
Intercités de jour sans réservation obligatoire;ST CHELY D'APCHER;87783241;NEUSSARGUES;87645507;1;Tarif Normal;assise;8.8;19.0
Intercités de jour sans réservation obligatoire;ST FLOUR CHAUDES AIGUES;87783175;CAMPAGNAC ST GENIEZ;87783340;1;Tarif Normal;assise;11.8;26.0
Intercités de nuit à réservation obligatoire;HENDAYE;87677005;LES AUBRAIS;87543017;2;Tarif Normal;assise;19.0;101.0
Intercités de jour sans réservation obligatoire;ST FLOUR CHAUDES AIGUES;87783175;TOURNEMIRE ROQUEFORT;87783456;1;Tarif Normal;assise;13.0;45.0
Intercités de jour sans réservation obligatoire;ST GEORGES DE LUZENCON;87783423;LE MONASTIER;87783308;1;Tarif Normal;assise;11.0;23.5
Intercités de nuit à réservation obligatoire;HENDAYE;87677005;PARIS AUSTERLITZ;87547000;2;Tarif Normal;assise;19.0;101.0
Intercités de jour sans réservation obligatoire;ST GAUDENS;87611137;MONTREJEAU GOURDAN POLIGNAN;87611152;1;Tarif Normal;assise;4.0;10.5
Intercités de jour sans réservation obligatoire;ST GERMAIN DES FOSSES;87732206;VIERZON VILLE;87576009;1;Tarif Normal;assise;13.0;46.0
Intercités de nuit à réservation obligatoire;IRUN FRANCE;87677914;LES AUBRAIS;87543017;2;Tarif Normal;assise;19.0;101.0
Intercités de jour sans réservation obligatoire;ST GAUDENS;87611137;ORTHEZ;87672253;1;Tarif Normal;assise;17.0;45.0
Intercités de jour sans réservation obligatoire;ST ROME DE CERNON;87783431;MILLAU;87783001;1;Tarif Normal;assise;4.6000000000000005;11.600000000000001
Intercités de nuit à réservation obligatoire;IRUN FRANCE;87677914;PARIS AUSTERLITZ;87547000;2;Tarif Normal;assise;19.0;101.0
Intercités de jour sans réservation obligatoire;ST GAUDENS;87611137;ST JEAN DE LUZ CIBOURE;87677120;1;Tarif Normal;assise;13.0;57.0
Intercités de jour sans réservation obligatoire;ST ROME DE CERNON;87783431;TOURNEMIRE ROQUEFORT;87783456;1;Tarif Normal;assise;3.4000000000000004;9.3
Intercités de nuit à réservation obligatoire;LAROQUEBROU;87645135;PARIS AUSTERLITZ;87547000;2;Tarif Normal;assise;19.0;98.0
Intercités de jour sans réservation obligatoire;ST GEORGES DE LUZENCON;87783423;TOURNEMIRE ROQUEFORT;87783456;1;Tarif Normal;assise;4.1000000000000005;10.700000000000001
Intercités de jour sans réservation obligatoire;TARARE;87721472;VICHY;87732008;1;Tarif Normal;assise;13.0;31.0
Intercités de nuit à réservation obligatoire;LES AUBRAIS;87543017;LATOUR DE CAROL ENVEITG;87611483;2;Tarif Normal;assise;19.0;94.0
Intercités de jour sans réservation obligatoire;ST GERMAIN DES FOSSES;87732206;MOULINS SUR ALLIER;87696328;1;Tarif Normal;assise;7.300000000000001;16.5
Intercités de jour sans réservation obligatoire;TOURS;87571000;ST PIERRE DES CORPS;87571240;1;Tarif Normal;assise;2.9000000000000004;8.5
Intercités de nuit à réservation obligatoire;LES AUBRAIS;87543017;LOURDES;87671339;2;Tarif Normal;assise;19.0;104.0
Intercités de jour sans réservation obligatoire;ST GERMAIN DES FOSSES;87732206;SAINCAIZE;87696260;1;Tarif Normal;assise;11.8;24.5
Intercités de nuit à réservation obligatoire;ALBI MADELEINE;87615195;PARIS AUSTERLITZ;87547000;2;Tarif Normal;assise;19.0;111.0
Intercités de nuit à réservation obligatoire;LES AUBRAIS;87543017;NARBONNE;87781104;2;Tarif Normal;assise;19.0;98.0
Intercités de jour sans réservation obligatoire;ST GERMAIN DES FOSSES;87732206;ST PIERRE DES CORPS;87571240;1;Tarif Normal;assise;18.0;62.0
Intercités de nuit à réservation obligatoire;ALBI MADELEINE;87615195;PARIS BERCY;87686667;2;Tarif Normal;assise;19.0;111.0
Intercités de nuit à réservation obligatoire;LES AUBRAIS;87543017;PERPIGNAN;87784009;2;Tarif Normal;assise;19.0;118.0
Intercités de jour sans réservation obligatoire;ST PIERRE DES CORPS;87571240;VIERZON VILLE;87576009;1;Tarif Normal;assise;13.9;28.5
Intercités de nuit à réservation obligatoire;ALBI MADELEINE;87615195;PARIS GARE DE LYON;87686006;2;Tarif Normal;assise;19.0;111.0
Intercités de nuit à réservation obligatoire;LES AUBRAIS;87543017;TOULOUSE MATABIAU;87611004;2;Tarif Normal;assise;19.0;88.0
Intercités de jour sans réservation obligatoire;ST ROME DE CERNON;87783431;NEUSSARGUES;87645507;1;Tarif Normal;assise;13.0;46.0
Intercités de nuit à réservation obligatoire;ANDORRE - L'HOSPITALET;87611517;PARIS GARE DE LYON;87686006;2;Tarif Normal;assise;19.0;122.0
Intercités de nuit à réservation obligatoire;LES CABANNES;87611574;PARIS AUSTERLITZ;87547000;2;Tarif Normal;assise;19.0;125.0
Intercités de jour sans réservation obligatoire;TARARE;87721472;LYON PART DIEU;87723197;1;Tarif Normal;assise;8.0;19.0
Intercités de nuit à réservation obligatoire;ARGELES SUR MER;87784231;LES AUBRAIS;87543017;2;Tarif Normal;assise;19.0;118.0
Intercités de nuit à réservation obligatoire;LUC EN DIOIS;87761874;PARIS AUSTERLITZ;87547000;2;Tarif Normal;assise;19.0;102.0
Intercités de jour sans réservation obligatoire;TARARE;87721472;LYON PERRACHE;87722025;1;Tarif Normal;assise;8.0;19.0
Intercités de nuit à réservation obligatoire;ARGELES SUR MER;87784231;PARIS GARE DE LYON;87686006;2;Tarif Normal;assise;19.0;127.0
Intercités de nuit à réservation obligatoire;NICE VILLE;87756056;PARIS AUSTERLITZ;87547000;2;Tarif Normal;assise;19.0;134.0
Intercités de jour sans réservation obligatoire;TARARE;87721472;RIOM CHATEL GUYON;87734053;1;Tarif Normal;assise;18.0;45.0
Intercités de nuit à réservation obligatoire;AUBIN;87613224;LES AUBRAIS;87543017;2;Tarif Normal;assise;19.0;82.0
Intercités de nuit à réservation obligatoire;NICE VILLE;87756056;PARIS BERCY;87686667;2;Tarif Normal;assise;19.0;134.0
Intercités de jour sans réservation obligatoire;TOURS;87571000;VIERZON VILLE;87576009;1;Tarif Normal;assise;14.200000000000001;29.0
Intercités de nuit à réservation obligatoire;AUBIN;87613224;PARIS AUSTERLITZ;87547000;2;Tarif Normal;assise;19.0;111.0
Intercités de nuit à réservation obligatoire;PARIS AUSTERLITZ;87547000;CAHORS;87613000;2;Tarif Normal;assise;19.0;96.0
Intercités de nuit à réservation obligatoire;ARGELES SUR MER;87784231;PARIS BERCY;87686667;2;Tarif Normal;assise;19.0;127.0
Intercités de nuit à réservation obligatoire;AURILLAC;87645002;PARIS AUSTERLITZ;87547000;2;Tarif Normal;assise;19.0;98.0
Intercités de nuit à réservation obligatoire;PARIS AUSTERLITZ;87547000;VEYNES DEVOLUY;87763300;2;Tarif Normal;assise;19.0;114.0
Intercités de nuit à réservation obligatoire;ASSIER;87613075;PARIS BERCY;87686667;2;Tarif Normal;assise;19.0;98.0
Intercités de nuit à réservation obligatoire;CANNES;87757625;PARIS GARE DE LYON;87686006;2;Tarif Normal;assise;19.0;134.0
Intercités de nuit à réservation obligatoire;PARIS BERCY;87686667;AX LES THERMES;87611533;2;Tarif Normal;assise;19.0;125.0
Intercités de nuit à réservation obligatoire;BEZIERS;87781005;PARIS BERCY;87686667;2;Tarif Normal;assise;19.0;101.0
Intercités de nuit à réservation obligatoire;CARMAUX;87615625;PARIS AUSTERLITZ;87547000;2;Tarif Normal;assise;19.0;111.0
Intercités de nuit à réservation obligatoire;PARIS BERCY;87686667;BAYONNE;87673004;2;Tarif Normal;assise;19.0;104.0
Intercités de nuit à réservation obligatoire;BIARRITZ;87673400;LES AUBRAIS;87543017;2;Tarif Normal;assise;19.0;101.0
Intercités de nuit à réservation obligatoire;CASTELNAUDARY;87615039;LES AUBRAIS;87543017;2;Tarif Normal;assise;19.0;98.0
Intercités de nuit à réservation obligatoire;PARIS BERCY;87686667;CERBERE;87785006;2;Tarif Normal;assise;19.0;127.0
Intercités de nuit à réservation obligatoire;BIGANOS FACTURE;87582478;LES AUBRAIS;87543017;2;Tarif Normal;assise;19.0;104.0
Intercités de nuit à réservation obligatoire;CAUSSADE TARN ET GARONNE;87613356;LES AUBRAIS;87543017;2;Tarif Normal;assise;19.0;88.0
Intercités de nuit à réservation obligatoire;PARIS BERCY;87686667;FOIX;87611616;2;Tarif Normal;assise;19.0;125.0
Intercités de nuit à réservation obligatoire;CANNES;87757625;PARIS AUSTERLITZ;87547000;2;Tarif Normal;assise;19.0;134.0
Intercités de nuit à réservation obligatoire;CAUSSADE TARN ET GARONNE;87613356;PARIS BERCY;87686667;2;Tarif Normal;assise;19.0;104.0
Intercités de nuit à réservation obligatoire;PARIS BERCY;87686667;LATOUR DE CAROL ENVEITG;87611483;2;Tarif Normal;assise;19.0;122.0
Intercités de nuit à réservation obligatoire;CAPDENAC;87613109;PARIS BERCY;87686667;2;Tarif Normal;assise;19.0;98.0
Intercités de nuit à réservation obligatoire;CAUSSADE TARN ET GARONNE;87613356;PARIS GARE DE LYON;87686006;2;Tarif Normal;assise;19.0;104.0
Intercités de nuit à réservation obligatoire;PARIS BERCY;87686667;PERPIGNAN;87784009;2;Tarif Normal;assise;19.0;127.0
Intercités de nuit à réservation obligatoire;CARCASSONNE;87615286;PARIS AUSTERLITZ;87547000;2;Tarif Normal;assise;19.0;127.0
Intercités de nuit à réservation obligatoire;CHORGES;87763425;PARIS BERCY;87686667;2;Tarif Normal;assise;19.0;122.0
Intercités de nuit à réservation obligatoire;PARIS BERCY;87686667;SOUILLAC;87594333;2;Tarif Normal;assise;19.0;96.0
Intercités de nuit à réservation obligatoire;CARCASSONNE;87615286;PARIS BERCY;87686667;2;Tarif Normal;assise;19.0;124.0
Intercités de nuit à réservation obligatoire;CRANSAC;87613232;PARIS AUSTERLITZ;87547000;2;Tarif Normal;assise;19.0;111.0
Intercités de nuit à réservation obligatoire;PARIS GARE DE LYON;87686006;AGDE;87781278;2;Tarif Normal;assise;19.0;101.0
Intercités de nuit à réservation obligatoire;CREST;87761783;PARIS BERCY;87686667;2;Tarif Normal;assise;19.0;102.0
Intercités de nuit à réservation obligatoire;CRANSAC;87613232;PARIS BERCY;87686667;2;Tarif Normal;assise;19.0;111.0
Intercités de nuit à réservation obligatoire;PARIS GARE DE LYON;87686006;BRIANCON;87763607;2;Tarif Normal;assise;19.0;122.0
Intercités de nuit à réservation obligatoire;DAX;87673202;LES AUBRAIS;87543017;2;Tarif Normal;assise;19.0;104.0
Intercités de nuit à réservation obligatoire;DIE;87761841;PARIS BERCY;87686667;2;Tarif Normal;assise;19.0;102.0
Intercités de nuit à réservation obligatoire;PARIS GARE DE LYON;87686006;LES ARCS DRAGUIGNAN;87755447;2;Tarif Normal;assise;19.0;134.0
Intercités de nuit à réservation obligatoire;DAX;87673202;PARIS BERCY;87686667;2;Tarif Normal;assise;19.0;104.0
Intercités de nuit à réservation obligatoire;DIE;87761841;PARIS GARE DE LYON;87686006;2;Tarif Normal;assise;19.0;102.0
Intercités de nuit à réservation obligatoire;PARIS GARE DE LYON;87686006;PORT VENDRES VILLE;87784264;2;Tarif Normal;assise;19.0;127.0
Intercités de nuit à réservation obligatoire;DIE;87761841;PARIS AUSTERLITZ;87547000;2;Tarif Normal;assise;19.0;102.0
Intercités de nuit à réservation obligatoire;EMBRUN;87763466;PARIS AUSTERLITZ;87547000;2;Tarif Normal;assise;19.0;122.0
Intercités de nuit à réservation obligatoire;PARIS GARE DE LYON;87686006;RODEZ;87613422;2;Tarif Normal;assise;19.0;111.0
Intercités de nuit à réservation obligatoire;ELNE;87784207;PARIS AUSTERLITZ;87547000;2;Tarif Normal;assise;19.0;127.0
Intercités de nuit à réservation obligatoire;EMBRUN;87763466;PARIS GARE DE LYON;87686006;2;Tarif Normal;assise;19.0;122.0
Intercités de nuit à réservation obligatoire;PARIS GARE DE LYON;87686006;TOULOUSE MATABIAU;87611004;2;Tarif Normal;assise;19.0;101.0
Intercités de nuit à réservation obligatoire;ELNE;87784207;PARIS BERCY;87686667;2;Tarif Normal;assise;19.0;127.0
Intercités de nuit à réservation obligatoire;GAP;87763003;PARIS AUSTERLITZ;87547000;2;Tarif Normal;assise;19.0;114.0
Intercités de nuit à réservation obligatoire;PAU;87672006;PARIS AUSTERLITZ;87547000;2;Tarif Normal;assise;19.0;104.0
Intercités de nuit à réservation obligatoire;FIGEAC;87613091;PARIS BERCY;87686667;2;Tarif Normal;assise;19.0;98.0
Intercités de nuit à réservation obligatoire;GOURDON;87613141;PARIS AUSTERLITZ;87547000;2;Tarif Normal;assise;19.0;96.0
Intercités de nuit à réservation obligatoire;PORT LA NOUVELLE;87781062;LES AUBRAIS;87543017;2;Tarif Normal;assise;19.0;98.0
Intercités de nuit à réservation obligatoire;GAP;87763003;PARIS GARE DE LYON;87686006;2;Tarif Normal;assise;19.0;114.0
Intercités de nuit à réservation obligatoire;GOURDON;87613141;PARIS BERCY;87686667;2;Tarif Normal;assise;19.0;96.0
Intercités de nuit à réservation obligatoire;ROCAMADOUR PADIRAC;87613042;PARIS AUSTERLITZ;87547000;2;Tarif Normal;assise;19.0;98.0
Intercités de nuit à réservation obligatoire;GRAMAT;87613059;PARIS BERCY;87686667;2;Tarif Normal;assise;19.0;98.0
Intercités de nuit à réservation obligatoire;GRAMAT;87613059;PARIS AUSTERLITZ;87547000;2;Tarif Normal;assise;19.0;98.0
Intercités de nuit à réservation obligatoire;SAVERDUN;87611368;LES AUBRAIS;87543017;2;Tarif Normal;assise;19.0;94.0
Intercités de nuit à réservation obligatoire;IRUN FRANCE;87677914;PARIS BERCY;87686667;2;Tarif Normal;assise;19.0;101.0
Intercités de nuit à réservation obligatoire;HENDAYE;87677005;PARIS GARE DE LYON;87686006;2;Tarif Normal;assise;19.0;101.0
Intercités de nuit à réservation obligatoire;ST GAUDENS;87611137;PARIS AUSTERLITZ;87547000;2;Tarif Normal;assise;19.0;104.0
Intercités de nuit à réservation obligatoire;IRUN FRANCE;87677914;PARIS GARE DE LYON;87686006;2;Tarif Normal;assise;19.0;101.0
Intercités de nuit à réservation obligatoire;LES AUBRAIS;87543017;AX LES THERMES;87611533;2;Tarif Normal;assise;19.0;94.0
Intercités de nuit à réservation obligatoire;ST VINCENT DE TYROSSE;87673277;PARIS GARE DE LYON;87686006;2;Tarif Normal;assise;19.0;104.0
Intercités de nuit à réservation obligatoire;LES AUBRAIS;87543017;BRIVE LA GAILLARDE;87594002;2;Tarif Normal;assise;19.0;77.0
Intercités de nuit à réservation obligatoire;LES AUBRAIS;87543017;BAYONNE;87673004;2;Tarif Normal;assise;19.0;104.0
Intercités de nuit à réservation obligatoire;TARASCON SUR ARIEGE;87611590;PARIS AUSTERLITZ;87547000;2;Tarif Normal;assise;19.0;125.0
Intercités de nuit à réservation obligatoire;LES AUBRAIS;87543017;MONTAUBAN VILLE BOURBON;87611244;2;Tarif Normal;assise;19.0;88.0
Intercités de nuit à réservation obligatoire;LES AUBRAIS;87543017;CERBERE;87785006;2;Tarif Normal;assise;19.0;118.0
Intercités de nuit à réservation obligatoire;ALBI MADELEINE;87615195;LES AUBRAIS;87543017;2;Tarif Normal;couchette;29.0;123.0
Intercités de nuit à réservation obligatoire;LES AUBRAIS;87543017;RODEZ;87613422;2;Tarif Normal;assise;19.0;85.0
Intercités de nuit à réservation obligatoire;LES AUBRAIS;87543017;SOUILLAC;87594333;2;Tarif Normal;assise;19.0;81.0
Intercités de nuit à réservation obligatoire;ALBI MADELEINE;87615195;PARIS GARE DE LYON;87686006;2;Tarif Normal;couchette;29.0;149.0
Intercités de nuit à réservation obligatoire;LES CABANNES;87611574;PARIS BERCY;87686667;2;Tarif Normal;assise;19.0;125.0
Intercités de nuit à réservation obligatoire;LES AUBRAIS;87543017;ST JEAN DE LUZ CIBOURE;87677120;2;Tarif Normal;assise;19.0;101.0
Intercités de nuit à réservation obligatoire;ALBI VILLE;87615005;LES AUBRAIS;87543017;2;Tarif Normal;couchette;29.0;123.0
Intercités de nuit à réservation obligatoire;LES CABANNES;87611574;PARIS GARE DE LYON;87686006;2;Tarif Normal;assise;19.0;125.0
Intercités de nuit à réservation obligatoire;LES AUBRAIS;87543017;TARBES;87671008;2;Tarif Normal;assise;19.0;104.0
Intercités de nuit à réservation obligatoire;ALBI VILLE;87615005;PARIS BERCY;87686667;2;Tarif Normal;couchette;29.0;149.0
Intercités de nuit à réservation obligatoire;LEUCATE LA FRANQUI;87781088;PARIS BERCY;87686667;2;Tarif Normal;assise;19.0;124.0
Intercités de nuit à réservation obligatoire;LES AUBRAIS;87543017;VIVIEZ DECAZEVILLE;87613661;2;Tarif Normal;assise;19.0;85.0
Intercités de nuit à réservation obligatoire;ALBI VILLE;87615005;PARIS GARE DE LYON;87686006;2;Tarif Normal;couchette;29.0;149.0
Intercités de nuit à réservation obligatoire;LEZIGNAN-CORBIERES;87615112;PARIS AUSTERLITZ;87547000;2;Tarif Normal;assise;19.0;127.0
Intercités de nuit à réservation obligatoire;LEZIGNAN-CORBIERES;87615112;PARIS BERCY;87686667;2;Tarif Normal;assise;19.0;124.0
Intercités de nuit à réservation obligatoire;ARGELES SUR MER;87784231;LES AUBRAIS;87543017;2;Tarif Normal;couchette;29.0;156.0
Intercités de nuit à réservation obligatoire;LOURDES;87671339;PARIS BERCY;87686667;2;Tarif Normal;assise;19.0;104.0
Intercités de nuit à réservation obligatoire;LUC EN DIOIS;87761874;PARIS GARE DE LYON;87686006;2;Tarif Normal;assise;19.0;102.0
Intercités de nuit à réservation obligatoire;AUBIN;87613224;PARIS AUSTERLITZ;87547000;2;Tarif Normal;couchette;29.0;149.0
Intercités de nuit à réservation obligatoire;LOURDES;87671339;PARIS GARE DE LYON;87686006;2;Tarif Normal;assise;19.0;104.0
Intercités de nuit à réservation obligatoire;LUZENAC GARANOU;87611558;LES AUBRAIS;87543017;2;Tarif Normal;assise;19.0;94.0
Intercités de nuit à réservation obligatoire;BIARRITZ;87673400;LES AUBRAIS;87543017;2;Tarif Normal;couchette;29.0;142.0
Intercités de nuit à réservation obligatoire;LUC EN DIOIS;87761874;PARIS BERCY;87686667;2;Tarif Normal;assise;19.0;102.0
Intercités de nuit à réservation obligatoire;LUZENAC GARANOU;87611558;PARIS GARE DE LYON;87686006;2;Tarif Normal;assise;19.0;122.0
Intercités de nuit à réservation obligatoire;BIARRITZ;87673400;PARIS AUSTERLITZ;87547000;2;Tarif Normal;couchette;29.0;142.0
Intercités de nuit à réservation obligatoire;LUZENAC GARANOU;87611558;PARIS BERCY;87686667;2;Tarif Normal;assise;19.0;122.0
Intercités de nuit à réservation obligatoire;MERENS LES VALS;87611525;LES AUBRAIS;87543017;2;Tarif Normal;assise;19.0;94.0
Intercités de nuit à réservation obligatoire;BIARRITZ;87673400;PARIS BERCY;87686667;2;Tarif Normal;couchette;29.0;142.0
Intercités de nuit à réservation obligatoire;MARSEILLE BLANCARDE;87751081;PARIS AUSTERLITZ;87547000;2;Tarif Normal;assise;19.0;112.0
Intercités de nuit à réservation obligatoire;MONTDAUPHIN GUILLESTRE;87763508;PARIS BERCY;87686667;2;Tarif Normal;assise;19.0;122.0
Intercités de nuit à réservation obligatoire;BIGANOS FACTURE;87582478;PARIS BERCY;87686667;2;Tarif Normal;couchette;29.0;142.0
Intercités de nuit à réservation obligatoire;MARSEILLE BLANCARDE;87751081;PARIS BERCY;87686667;2;Tarif Normal;assise;19.0;112.0
Intercités de nuit à réservation obligatoire;MONTPELLIER SAINT-ROCH;87773002;PARIS GARE DE LYON;87686006;2;Tarif Normal;assise;19.0;101.0
Intercités de nuit à réservation obligatoire;CAPDENAC;87613109;LES AUBRAIS;87543017;2;Tarif Normal;couchette;29.0;123.0
Intercités de nuit à réservation obligatoire;MARSEILLE BLANCARDE;87751081;PARIS GARE DE LYON;87686006;2;Tarif Normal;assise;19.0;112.0
Intercités de nuit à réservation obligatoire;PARIS AUSTERLITZ;87547000;BAYONNE;87673004;2;Tarif Normal;assise;19.0;104.0
Intercités de nuit à réservation obligatoire;CAPDENAC;87613109;PARIS AUSTERLITZ;87547000;2;Tarif Normal;couchette;29.0;136.0
Intercités de nuit à réservation obligatoire;MONTPELLIER SUD DE FRANCE;87688887;PARIS AUSTERLITZ;87547000;2;Tarif Normal;assise;19.0;101.0
Intercités de nuit à réservation obligatoire;PARIS AUSTERLITZ;87547000;FOIX;87611616;2;Tarif Normal;assise;19.0;125.0
Intercités de nuit à réservation obligatoire;CARCASSONNE;87615286;PARIS AUSTERLITZ;87547000;2;Tarif Normal;couchette;29.0;165.0
Intercités de nuit à réservation obligatoire;NAUCELLE;87615732;PARIS AUSTERLITZ;87547000;2;Tarif Normal;assise;19.0;111.0
Intercités de nuit à réservation obligatoire;PARIS AUSTERLITZ;87547000;LATOUR DE CAROL ENVEITG;87611483;2;Tarif Normal;assise;19.0;122.0
Intercités de nuit à réservation obligatoire;CARMAUX;87615625;PARIS BERCY;87686667;2;Tarif Normal;couchette;29.0;149.0
Intercités de nuit à réservation obligatoire;NAUCELLE;87615732;PARIS GARE DE LYON;87686006;2;Tarif Normal;assise;19.0;111.0
Intercités de nuit à réservation obligatoire;PARIS AUSTERLITZ;87547000;PAMIERS;87611343;2;Tarif Normal;assise;19.0;125.0
Intercités de nuit à réservation obligatoire;CRANSAC;87613232;LES AUBRAIS;87543017;2;Tarif Normal;couchette;29.0;120.0
Intercités de nuit à réservation obligatoire;NICE VILLE;87756056;PARIS GARE DE LYON;87686006;2;Tarif Normal;assise;19.0;134.0
Intercités de nuit à réservation obligatoire;PARIS AUSTERLITZ;87547000;SOUILLAC;87594333;2;Tarif Normal;assise;19.0;96.0
Intercités de nuit à réservation obligatoire;CREST;87761783;PARIS GARE DE LYON;87686006;2;Tarif Normal;couchette;29.0;140.0
Intercités de nuit à réservation obligatoire;NIMES;87775007;PARIS AUSTERLITZ;87547000;2;Tarif Normal;assise;19.0;101.0
Intercités de nuit à réservation obligatoire;PARIS AUSTERLITZ;87547000;TOULON;87755009;2;Tarif Normal;assise;19.0;117.0
Intercités de nuit à réservation obligatoire;ELNE;87784207;PARIS BERCY;87686667;2;Tarif Normal;couchette;29.0;168.0
Intercités de nuit à réservation obligatoire;ORTHEZ;87672253;LES AUBRAIS;87543017;2;Tarif Normal;assise;19.0;104.0
Intercités de nuit à réservation obligatoire;PARIS AUSTERLITZ;87547000;TOULOUSE MATABIAU;87611004;2;Tarif Normal;assise;19.0;101.0
Intercités de nuit à réservation obligatoire;EMBRUN;87763466;PARIS AUSTERLITZ;87547000;2;Tarif Normal;couchette;29.0;160.0
Intercités de nuit à réservation obligatoire;ORTHEZ;87672253;PARIS GARE DE LYON;87686006;2;Tarif Normal;assise;19.0;104.0
Intercités de nuit à réservation obligatoire;PARIS AUSTERLITZ;87547000;VIVIEZ DECAZEVILLE;87613661;2;Tarif Normal;assise;19.0;111.0
Intercités de nuit à réservation obligatoire;GOURDON;87613141;LES AUBRAIS;87543017;2;Tarif Normal;couchette;29.0;119.0
Intercités de nuit à réservation obligatoire;PARIS AUSTERLITZ;87547000;CERBERE;87785006;2;Tarif Normal;assise;19.0;127.0
Intercités de nuit à réservation obligatoire;PARIS BERCY;87686667;ANTIBES;87757674;2;Tarif Normal;assise;19.0;134.0
Intercités de nuit à réservation obligatoire;GOURDON;87613141;PARIS GARE DE LYON;87686006;2;Tarif Normal;couchette;29.0;134.0
Intercités de nuit à réservation obligatoire;PARIS AUSTERLITZ;87547000;MONTAUBAN VILLE BOURBON;87611244;2;Tarif Normal;assise;19.0;104.0
Intercités de nuit à réservation obligatoire;PARIS BERCY;87686667;BRIANCON;87763607;2;Tarif Normal;assise;19.0;122.0
Intercités de nuit à réservation obligatoire;GRAMAT;87613059;PARIS AUSTERLITZ;87547000;2;Tarif Normal;couchette;29.0;136.0
Intercités de nuit à réservation obligatoire;PARIS AUSTERLITZ;87547000;PORT VENDRES VILLE;87784264;2;Tarif Normal;assise;19.0;127.0
Intercités de nuit à réservation obligatoire;PARIS BERCY;87686667;ST JEAN DE LUZ CIBOURE;87677120;2;Tarif Normal;assise;19.0;101.0
Intercités de nuit à réservation obligatoire;LAROQUEBROU;87645135;PARIS AUSTERLITZ;87547000;2;Tarif Normal;couchette;29.0;136.0
Intercités de nuit à réservation obligatoire;PARIS AUSTERLITZ;87547000;ST RAPHAEL VALESCURE;87757526;2;Tarif Normal;assise;19.0;134.0
Intercités de nuit à réservation obligatoire;PARIS BERCY;87686667;ST RAPHAEL VALESCURE;87757526;2;Tarif Normal;assise;19.0;134.0
Intercités de nuit à réservation obligatoire;LES AUBRAIS;87543017;AX LES THERMES;87611533;2;Tarif Normal;couchette;29.0;132.0
Intercités de nuit à réservation obligatoire;PARIS BERCY;87686667;BANYULS SUR MER;87784298;2;Tarif Normal;assise;19.0;127.0
Intercités de nuit à réservation obligatoire;PARIS BERCY;87686667;TARBES;87671008;2;Tarif Normal;assise;19.0;104.0
Intercités de nuit à réservation obligatoire;LES AUBRAIS;87543017;BAYONNE;87673004;2;Tarif Normal;couchette;29.0;142.0
Intercités de nuit à réservation obligatoire;PARIS BERCY;87686667;COLLIOURE;87784256;2;Tarif Normal;assise;19.0;127.0
Intercités de nuit à réservation obligatoire;PARIS BERCY;87686667;TOULON;87755009;2;Tarif Normal;assise;19.0;117.0
Intercités de nuit à réservation obligatoire;LES AUBRAIS;87543017;FOIX;87611616;2;Tarif Normal;couchette;29.0;132.0
Intercités de nuit à réservation obligatoire;PARIS BERCY;87686667;RODEZ;87613422;2;Tarif Normal;assise;19.0;111.0
Intercités de nuit à réservation obligatoire;PARIS BERCY;87686667;TOULOUSE MATABIAU;87611004;2;Tarif Normal;assise;19.0;101.0
Intercités de nuit à réservation obligatoire;LES AUBRAIS;87543017;PERPIGNAN;87784009;2;Tarif Normal;couchette;29.0;156.0
Intercités de nuit à réservation obligatoire;PARIS BERCY;87686667;VIVIEZ DECAZEVILLE;87613661;2;Tarif Normal;assise;19.0;111.0
Intercités de nuit à réservation obligatoire;PARIS GARE DE LYON;87686006;SETE;87773200;2;Tarif Normal;assise;19.0;101.0
Intercités de nuit à réservation obligatoire;LES AUBRAIS;87543017;PORT VENDRES VILLE;87784264;2;Tarif Normal;couchette;29.0;156.0
Intercités de nuit à réservation obligatoire;PARIS GARE DE LYON;87686006;ANTIBES;87757674;2;Tarif Normal;assise;19.0;134.0
Intercités de nuit à réservation obligatoire;PARIS GARE DE LYON;87686006;VIVIEZ DECAZEVILLE;87613661;2;Tarif Normal;assise;19.0;111.0
Intercités de nuit à réservation obligatoire;LES AUBRAIS;87543017;RODEZ;87613422;2;Tarif Normal;couchette;29.0;123.0
Intercités de nuit à réservation obligatoire;PARIS GARE DE LYON;87686006;AX LES THERMES;87611533;2;Tarif Normal;assise;19.0;125.0
Intercités de nuit à réservation obligatoire;PORT BOU.;87785956;PARIS AUSTERLITZ;87547000;2;Tarif Normal;assise;19.0;127.0
Intercités de nuit à réservation obligatoire;LES AUBRAIS;87543017;TARBES;87671008;2;Tarif Normal;couchette;29.0;142.0
Intercités de nuit à réservation obligatoire;PARIS GARE DE LYON;87686006;BANYULS SUR MER;87784298;2;Tarif Normal;assise;19.0;127.0
Intercités de nuit à réservation obligatoire;PORT LA NOUVELLE;87781062;PARIS AUSTERLITZ;87547000;2;Tarif Normal;assise;19.0;124.0
Intercités de nuit à réservation obligatoire;LES CABANNES;87611574;PARIS GARE DE LYON;87686006;2;Tarif Normal;couchette;29.0;163.0
Intercités de nuit à réservation obligatoire;PARIS GARE DE LYON;87686006;BAYONNE;87673004;2;Tarif Normal;assise;19.0;104.0
Intercités de nuit à réservation obligatoire;PORTE PUYMORENS;87611509;PARIS AUSTERLITZ;87547000;2;Tarif Normal;assise;19.0;122.0
Intercités de nuit à réservation obligatoire;LEZIGNAN-CORBIERES;87615112;LES AUBRAIS;87543017;2;Tarif Normal;couchette;29.0;136.0
Intercités de nuit à réservation obligatoire;PARIS GARE DE LYON;87686006;FOIX;87611616;2;Tarif Normal;assise;19.0;125.0
Intercités de nuit à réservation obligatoire;PORTE PUYMORENS;87611509;PARIS GARE DE LYON;87686006;2;Tarif Normal;assise;19.0;122.0
Intercités de nuit à réservation obligatoire;LEZIGNAN-CORBIERES;87615112;PARIS AUSTERLITZ;87547000;2;Tarif Normal;couchette;29.0;165.0
Intercités de nuit à réservation obligatoire;PARIS GARE DE LYON;87686006;PAMIERS;87611343;2;Tarif Normal;assise;19.0;125.0
Intercités de nuit à réservation obligatoire;RIVESALTES;87784173;PARIS AUSTERLITZ;87547000;2;Tarif Normal;assise;19.0;124.0
Intercités de nuit à réservation obligatoire;LOURDES;87671339;PARIS AUSTERLITZ;87547000;2;Tarif Normal;couchette;29.0;142.0
Intercités de nuit à réservation obligatoire;PAU;87672006;LES AUBRAIS;87543017;2;Tarif Normal;assise;19.0;104.0
Intercités de nuit à réservation obligatoire;RIVESALTES;87784173;PARIS GARE DE LYON;87686006;2;Tarif Normal;assise;19.0;124.0
Intercités de nuit à réservation obligatoire;LOURDES;87671339;PARIS BERCY;87686667;2;Tarif Normal;couchette;29.0;142.0
Intercités de nuit à réservation obligatoire;PAU;87672006;PARIS BERCY;87686667;2;Tarif Normal;assise;19.0;104.0
Intercités de nuit à réservation obligatoire;ROCAMADOUR PADIRAC;87613042;PARIS BERCY;87686667;2;Tarif Normal;assise;19.0;98.0
Intercités de nuit à réservation obligatoire;MONTPELLIER SAINT-ROCH;87773002;PARIS GARE DE LYON;87686006;2;Tarif Normal;couchette;29.0;142.0
Intercités de nuit à réservation obligatoire;PORT BOU.;87785956;LES AUBRAIS;87543017;2;Tarif Normal;assise;19.0;118.0
Intercités de nuit à réservation obligatoire;ST CHRISTOPHE;87613257;PARIS AUSTERLITZ;87547000;2;Tarif Normal;assise;19.0;111.0
Intercités de nuit à réservation obligatoire;MONTPELLIER SUD DE FRANCE;87688887;PARIS BERCY;87686667;2;Tarif Normal;couchette;29.0;142.0
Intercités de nuit à réservation obligatoire;PORT BOU.;87785956;PARIS BERCY;87686667;2;Tarif Normal;assise;19.0;127.0
Intercités de nuit à réservation obligatoire;ST CHRISTOPHE;87613257;PARIS GARE DE LYON;87686006;2;Tarif Normal;assise;19.0;111.0
Intercités de nuit à réservation obligatoire;NICE VILLE;87756056;PARIS AUSTERLITZ;87547000;2;Tarif Normal;couchette;29.0;175.0
Intercités de nuit à réservation obligatoire;PORT BOU.;87785956;PARIS GARE DE LYON;87686006;2;Tarif Normal;assise;19.0;127.0
Intercités de nuit à réservation obligatoire;ST VINCENT DE TYROSSE;87673277;PARIS AUSTERLITZ;87547000;2;Tarif Normal;assise;19.0;104.0
Intercités de nuit à réservation obligatoire;NICE VILLE;87756056;PARIS BERCY;87686667;2;Tarif Normal;couchette;29.0;175.0
Intercités de nuit à réservation obligatoire;PORT LA NOUVELLE;87781062;PARIS BERCY;87686667;2;Tarif Normal;assise;19.0;124.0
Intercités de nuit à réservation obligatoire;TARASCON SUR ARIEGE;87611590;LES AUBRAIS;87543017;2;Tarif Normal;assise;19.0;94.0
Intercités de nuit à réservation obligatoire;ORTHEZ;87672253;PARIS AUSTERLITZ;87547000;2;Tarif Normal;couchette;29.0;142.0
Intercités de nuit à réservation obligatoire;PORT LA NOUVELLE;87781062;PARIS GARE DE LYON;87686006;2;Tarif Normal;assise;19.0;124.0
Intercités de nuit à réservation obligatoire;TARASCON SUR ARIEGE;87611590;PARIS BERCY;87686667;2;Tarif Normal;assise;19.0;125.0
Intercités de nuit à réservation obligatoire;PARIS AUSTERLITZ;87547000;AGDE;87781278;2;Tarif Normal;couchette;29.0;142.0
Intercités de nuit à réservation obligatoire;PORTE PUYMORENS;87611509;PARIS BERCY;87686667;2;Tarif Normal;assise;19.0;122.0
Intercités de nuit à réservation obligatoire;ANDORRE - L'HOSPITALET;87611517;LES AUBRAIS;87543017;2;Tarif Normal;couchette;29.0;132.0
Intercités de nuit à réservation obligatoire;PARIS AUSTERLITZ;87547000;NARBONNE;87781104;2;Tarif Normal;couchette;29.0;163.0
Intercités de nuit à réservation obligatoire;RIVESALTES;87784173;LES AUBRAIS;87543017;2;Tarif Normal;assise;19.0;116.0
Intercités de nuit à réservation obligatoire;AURILLAC;87645002;PARIS AUSTERLITZ;87547000;2;Tarif Normal;couchette;29.0;136.0
Intercités de nuit à réservation obligatoire;PARIS AUSTERLITZ;87547000;RODEZ;87613422;2;Tarif Normal;couchette;29.0;149.0
Intercités de nuit à réservation obligatoire;RIVESALTES;87784173;PARIS BERCY;87686667;2;Tarif Normal;assise;19.0;124.0
Intercités de nuit à réservation obligatoire;AUTERIVE;87611384;LES AUBRAIS;87543017;2;Tarif Normal;couchette;29.0;132.0
Intercités de nuit à réservation obligatoire;PARIS AUSTERLITZ;87547000;ST DENIS PRES MARTEL;87594572;2;Tarif Normal;couchette;29.0;136.0
Intercités de nuit à réservation obligatoire;ST GAUDENS;87611137;LES AUBRAIS;87543017;2;Tarif Normal;assise;19.0;104.0
Intercités de nuit à réservation obligatoire;AUTERIVE;87611384;PARIS BERCY;87686667;2;Tarif Normal;couchette;29.0;163.0
Intercités de nuit à réservation obligatoire;PARIS AUSTERLITZ;87547000;ST JEAN DE LUZ CIBOURE;87677120;2;Tarif Normal;couchette;29.0;142.0
Intercités de nuit à réservation obligatoire;ST VINCENT DE TYROSSE;87673277;PARIS BERCY;87686667;2;Tarif Normal;assise;19.0;104.0
Intercités de nuit à réservation obligatoire;BIARRITZ;87673400;PARIS GARE DE LYON;87686006;2;Tarif Normal;couchette;29.0;142.0
Intercités de nuit à réservation obligatoire;PARIS AUSTERLITZ;87547000;TARBES;87671008;2;Tarif Normal;couchette;29.0;142.0
Intercités de nuit à réservation obligatoire;ANDORRE - L'HOSPITALET;87611517;PARIS GARE DE LYON;87686006;2;Tarif Normal;couchette;29.0;163.0
Intercités de nuit à réservation obligatoire;BIGANOS FACTURE;87582478;PARIS GARE DE LYON;87686006;2;Tarif Normal;couchette;29.0;142.0
Intercités de nuit à réservation obligatoire;PARIS AUSTERLITZ;87547000;TOULON;87755009;2;Tarif Normal;couchette;29.0;158.0
Intercités de nuit à réservation obligatoire;ARGELES SUR MER;87784231;PARIS AUSTERLITZ;87547000;2;Tarif Normal;couchette;29.0;168.0
Intercités de nuit à réservation obligatoire;BRETENOUX BIARS;87594762;PARIS GARE DE LYON;87686006;2;Tarif Normal;couchette;29.0;136.0
Intercités de nuit à réservation obligatoire;PARIS BERCY;87686667;ANTIBES;87757674;2;Tarif Normal;couchette;29.0;175.0
Intercités de nuit à réservation obligatoire;ARGELES SUR MER;87784231;PARIS GARE DE LYON;87686006;2;Tarif Normal;couchette;29.0;168.0
Intercités de nuit à réservation obligatoire;CARCASSONNE;87615286;LES AUBRAIS;87543017;2;Tarif Normal;couchette;29.0;136.0
Intercités de nuit à réservation obligatoire;PARIS BERCY;87686667;CERBERE;87785006;2;Tarif Normal;couchette;29.0;168.0
Intercités de nuit à réservation obligatoire;AURILLAC;87645002;LES AUBRAIS;87543017;2;Tarif Normal;couchette;29.0;136.0
Intercités de nuit à réservation obligatoire;CARCASSONNE;87615286;PARIS BERCY;87686667;2;Tarif Normal;couchette;29.0;165.0
Intercités de nuit à réservation obligatoire;PARIS BERCY;87686667;PAMIERS;87611343;2;Tarif Normal;couchette;29.0;163.0
Intercités de nuit à réservation obligatoire;AURILLAC;87645002;PARIS GARE DE LYON;87686006;2;Tarif Normal;couchette;29.0;136.0
Intercités de nuit à réservation obligatoire;CARMAUX;87615625;LES AUBRAIS;87543017;2;Tarif Normal;couchette;29.0;123.0
Intercités de nuit à réservation obligatoire;PARIS BERCY;87686667;PERPIGNAN;87784009;2;Tarif Normal;couchette;29.0;168.0
Intercités de nuit à réservation obligatoire;BRETENOUX BIARS;87594762;PARIS AUSTERLITZ;87547000;2;Tarif Normal;couchette;29.0;136.0
Intercités de nuit à réservation obligatoire;CASTELNAUDARY;87615039;PARIS BERCY;87686667;2;Tarif Normal;couchette;29.0;165.0
Intercités de nuit à réservation obligatoire;PARIS BERCY;87686667;ST DENIS PRES MARTEL;87594572;2;Tarif Normal;couchette;29.0;136.0
Intercités de nuit à réservation obligatoire;CANNES;87757625;PARIS BERCY;87686667;2;Tarif Normal;couchette;29.0;175.0
Intercités de nuit à réservation obligatoire;CASTELNAUDARY;87615039;PARIS GARE DE LYON;87686006;2;Tarif Normal;couchette;29.0;165.0
Intercités de nuit à réservation obligatoire;PARIS BERCY;87686667;ST RAPHAEL VALESCURE;87757526;2;Tarif Normal;couchette;29.0;175.0
Intercités de nuit à réservation obligatoire;CAPDENAC;87613109;PARIS BERCY;87686667;2;Tarif Normal;couchette;29.0;136.0
Intercités de nuit à réservation obligatoire;CHORGES;87763425;PARIS AUSTERLITZ;87547000;2;Tarif Normal;couchette;29.0;160.0
Intercités de nuit à réservation obligatoire;PARIS GARE DE LYON;87686006;BAYONNE;87673004;2;Tarif Normal;couchette;29.0;142.0
Intercités de nuit à réservation obligatoire;CARCASSONNE;87615286;PARIS GARE DE LYON;87686006;2;Tarif Normal;couchette;29.0;165.0
Intercités de nuit à réservation obligatoire;CHORGES;87763425;PARIS BERCY;87686667;2;Tarif Normal;couchette;29.0;160.0
Intercités de nuit à réservation obligatoire;PARIS GARE DE LYON;87686006;CAHORS;87613000;2;Tarif Normal;couchette;29.0;134.0
Intercités de nuit à réservation obligatoire;CASTELNAUDARY;87615039;LES AUBRAIS;87543017;2;Tarif Normal;couchette;29.0;136.0
Intercités de nuit à réservation obligatoire;CRANSAC;87613232;PARIS AUSTERLITZ;87547000;2;Tarif Normal;couchette;29.0;149.0
Intercités de nuit à réservation obligatoire;PARIS GARE DE LYON;87686006;LES ARCS DRAGUIGNAN;87755447;2;Tarif Normal;couchette;29.0;175.0
Intercités de nuit à réservation obligatoire;CASTELNAUDARY;87615039;PARIS AUSTERLITZ;87547000;2;Tarif Normal;couchette;29.0;165.0
Intercités de nuit à réservation obligatoire;CREST;87761783;PARIS AUSTERLITZ;87547000;2;Tarif Normal;couchette;29.0;140.0
Intercités de nuit à réservation obligatoire;PARIS GARE DE LYON;87686006;NARBONNE;87781104;2;Tarif Normal;couchette;29.0;163.0
Intercités de nuit à réservation obligatoire;CAUSSADE TARN ET GARONNE;87613356;LES AUBRAIS;87543017;2;Tarif Normal;couchette;29.0;126.0
Intercités de nuit à réservation obligatoire;CREST;87761783;PARIS BERCY;87686667;2;Tarif Normal;couchette;29.0;140.0
Intercités de nuit à réservation obligatoire;PAU;87672006;PARIS AUSTERLITZ;87547000;2;Tarif Normal;couchette;29.0;142.0
Intercités de nuit à réservation obligatoire;CAUSSADE TARN ET GARONNE;87613356;PARIS BERCY;87686667;2;Tarif Normal;couchette;29.0;142.0
Intercités de nuit à réservation obligatoire;DIE;87761841;PARIS BERCY;87686667;2;Tarif Normal;couchette;29.0;140.0
Intercités de nuit à réservation obligatoire;PORT BOU.;87785956;PARIS BERCY;87686667;2;Tarif Normal;couchette;29.0;168.0
Intercités de nuit à réservation obligatoire;DAX;87673202;PARIS GARE DE LYON;87686006;2;Tarif Normal;couchette;29.0;142.0
Intercités de nuit à réservation obligatoire;ELNE;87784207;PARIS GARE DE LYON;87686006;2;Tarif Normal;couchette;29.0;168.0
Intercités de nuit à réservation obligatoire;PORT LA NOUVELLE;87781062;PARIS BERCY;87686667;2;Tarif Normal;couchette;29.0;165.0
Intercités de nuit à réservation obligatoire;ELNE;87784207;PARIS AUSTERLITZ;87547000;2;Tarif Normal;couchette;29.0;168.0
Intercités de nuit à réservation obligatoire;EMBRUN;87763466;PARIS BERCY;87686667;2;Tarif Normal;couchette;29.0;160.0
Intercités de nuit à réservation obligatoire;PORTE PUYMORENS;87611509;LES AUBRAIS;87543017;2;Tarif Normal;couchette;29.0;132.0
Intercités de nuit à réservation obligatoire;FIGEAC;87613091;LES AUBRAIS;87543017;2;Tarif Normal;couchette;29.0;123.0
Intercités de nuit à réservation obligatoire;GAP;87763003;PARIS BERCY;87686667;2;Tarif Normal;couchette;29.0;152.0
Intercités de nuit à réservation obligatoire;PORTE PUYMORENS;87611509;PARIS AUSTERLITZ;87547000;2;Tarif Normal;couchette;29.0;163.0
Intercités de nuit à réservation obligatoire;GAP;87763003;PARIS AUSTERLITZ;87547000;2;Tarif Normal;couchette;29.0;152.0
Intercités de nuit à réservation obligatoire;GAP;87763003;PARIS GARE DE LYON;87686006;2;Tarif Normal;couchette;29.0;152.0
Intercités de nuit à réservation obligatoire;RIVESALTES;87784173;PARIS GARE DE LYON;87686006;2;Tarif Normal;couchette;29.0;165.0
Intercités de nuit à réservation obligatoire;L'ARGENTIERE LES ECRINS   (05);87763557;PARIS GARE DE LYON;87686006;2;Tarif Normal;couchette;29.0;160.0
Intercités de nuit à réservation obligatoire;HENDAYE;87677005;LES AUBRAIS;87543017;2;Tarif Normal;couchette;29.0;142.0
Intercités de nuit à réservation obligatoire;ROCAMADOUR PADIRAC;87613042;PARIS AUSTERLITZ;87547000;2;Tarif Normal;couchette;29.0;136.0
Intercités de nuit à réservation obligatoire;LAROQUEBROU;87645135;PARIS BERCY;87686667;2;Tarif Normal;couchette;29.0;136.0
Intercités de nuit à réservation obligatoire;IRUN FRANCE;87677914;PARIS BERCY;87686667;2;Tarif Normal;couchette;29.0;142.0
Intercités de nuit à réservation obligatoire;ANDORRE - L'HOSPITALET;87611517;LES AUBRAIS;87543017;1;Tarif Normal;couchette;39.0;192.0
Intercités de nuit à réservation obligatoire;LES AUBRAIS;87543017;BANYULS SUR MER;87784298;2;Tarif Normal;couchette;29.0;156.0
Intercités de nuit à réservation obligatoire;LES AUBRAIS;87543017;CAHORS;87613000;2;Tarif Normal;couchette;29.0;119.0
Intercités de nuit à réservation obligatoire;ARGELES SUR MER;87784231;PARIS AUSTERLITZ;87547000;1;Tarif Normal;couchette;39.0;238.0
Intercités de nuit à réservation obligatoire;LES AUBRAIS;87543017;LATOUR DE CAROL ENVEITG;87611483;2;Tarif Normal;couchette;29.0;132.0
Intercités de nuit à réservation obligatoire;LES AUBRAIS;87543017;LOURDES;87671339;2;Tarif Normal;couchette;29.0;142.0
Intercités de nuit à réservation obligatoire;ASSIER;87613075;LES AUBRAIS;87543017;1;Tarif Normal;couchette;39.0;183.0
Intercités de nuit à réservation obligatoire;LES AUBRAIS;87543017;TOULOUSE MATABIAU;87611004;2;Tarif Normal;couchette;29.0;126.0
Intercités de nuit à réservation obligatoire;LES AUBRAIS;87543017;SOUILLAC;87594333;2;Tarif Normal;couchette;29.0;119.0
Intercités de nuit à réservation obligatoire;ASSIER;87613075;PARIS AUSTERLITZ;87547000;1;Tarif Normal;couchette;39.0;196.0
Intercités de nuit à réservation obligatoire;LES CABANNES;87611574;LES AUBRAIS;87543017;2;Tarif Normal;couchette;29.0;132.0
Intercités de nuit à réservation obligatoire;LEUCATE LA FRANQUI;87781088;LES AUBRAIS;87543017;2;Tarif Normal;couchette;29.0;136.0
Intercités de nuit à réservation obligatoire;ASSIER;87613075;PARIS BERCY;87686667;1;Tarif Normal;couchette;39.0;196.0
Intercités de nuit à réservation obligatoire;LES CABANNES;87611574;PARIS AUSTERLITZ;87547000;2;Tarif Normal;couchette;29.0;163.0
Intercités de nuit à réservation obligatoire;LEUCATE LA FRANQUI;87781088;PARIS BERCY;87686667;2;Tarif Normal;couchette;29.0;165.0
Intercités de nuit à réservation obligatoire;AUTERIVE;87611384;PARIS AUSTERLITZ;87547000;1;Tarif Normal;couchette;39.0;223.0
Intercités de nuit à réservation obligatoire;LES CABANNES;87611574;PARIS BERCY;87686667;2;Tarif Normal;couchette;29.0;163.0
Intercités de nuit à réservation obligatoire;LEZIGNAN-CORBIERES;87615112;PARIS BERCY;87686667;2;Tarif Normal;couchette;29.0;165.0
Intercités de nuit à réservation obligatoire;AUTERIVE;87611384;PARIS BERCY;87686667;1;Tarif Normal;couchette;39.0;223.0
Intercités de nuit à réservation obligatoire;LUZENAC GARANOU;87611558;PARIS AUSTERLITZ;87547000;2;Tarif Normal;couchette;29.0;163.0
Intercités de nuit à réservation obligatoire;LUZENAC GARANOU;87611558;LES AUBRAIS;87543017;2;Tarif Normal;couchette;29.0;132.0
Intercités de nuit à réservation obligatoire;BEZIERS;87781005;PARIS BERCY;87686667;1;Tarif Normal;couchette;39.0;212.0
Intercités de nuit à réservation obligatoire;LUZENAC GARANOU;87611558;PARIS GARE DE LYON;87686006;2;Tarif Normal;couchette;29.0;163.0
Intercités de nuit à réservation obligatoire;MARSEILLE BLANCARDE;87751081;PARIS AUSTERLITZ;87547000;2;Tarif Normal;couchette;29.0;153.0
Intercités de nuit à réservation obligatoire;BIARRITZ;87673400;PARIS GARE DE LYON;87686006;1;Tarif Normal;couchette;39.0;212.0
Intercités de nuit à réservation obligatoire;MARSEILLE BLANCARDE;87751081;PARIS BERCY;87686667;2;Tarif Normal;couchette;29.0;153.0
Intercités de nuit à réservation obligatoire;MARSEILLE BLANCARDE;87751081;PARIS GARE DE LYON;87686006;2;Tarif Normal;couchette;29.0;153.0
Intercités de nuit à réservation obligatoire;CARCASSONNE;87615286;PARIS BERCY;87686667;1;Tarif Normal;couchette;39.0;235.0
Intercités de nuit à réservation obligatoire;MERENS LES VALS;87611525;LES AUBRAIS;87543017;2;Tarif Normal;couchette;29.0;132.0
Intercités de nuit à réservation obligatoire;MERENS LES VALS;87611525;PARIS GARE DE LYON;87686006;2;Tarif Normal;couchette;29.0;163.0
Intercités de nuit à réservation obligatoire;CARMAUX;87615625;PARIS AUSTERLITZ;87547000;1;Tarif Normal;couchette;39.0;209.0
Intercités de nuit à réservation obligatoire;MERENS LES VALS;87611525;PARIS BERCY;87686667;2;Tarif Normal;couchette;29.0;163.0
Intercités de nuit à réservation obligatoire;MONTDAUPHIN GUILLESTRE;87763508;PARIS BERCY;87686667;2;Tarif Normal;couchette;29.0;160.0
Intercités de nuit à réservation obligatoire;CASTELNAUDARY;87615039;LES AUBRAIS;87543017;1;Tarif Normal;couchette;39.0;196.0
Intercités de nuit à réservation obligatoire;MONTDAUPHIN GUILLESTRE;87763508;PARIS GARE DE LYON;87686006;2;Tarif Normal;couchette;29.0;160.0
Intercités de nuit à réservation obligatoire;MONTPELLIER SAINT-ROCH;87773002;PARIS BERCY;87686667;2;Tarif Normal;couchette;29.0;142.0
Intercités de nuit à réservation obligatoire;CASTELNAUDARY;87615039;PARIS GARE DE LYON;87686006;1;Tarif Normal;couchette;39.0;235.0
Intercités de nuit à réservation obligatoire;MONTPELLIER SUD DE FRANCE;87688887;PARIS AUSTERLITZ;87547000;2;Tarif Normal;couchette;29.0;142.0
Intercités de nuit à réservation obligatoire;MONTPELLIER SUD DE FRANCE;87688887;PARIS GARE DE LYON;87686006;2;Tarif Normal;couchette;29.0;142.0
Intercités de nuit à réservation obligatoire;CHORGES;87763425;PARIS GARE DE LYON;87686006;1;Tarif Normal;couchette;39.0;220.0
Intercités de nuit à réservation obligatoire;NAUCELLE;87615732;PARIS AUSTERLITZ;87547000;2;Tarif Normal;couchette;29.0;149.0
Intercités de nuit à réservation obligatoire;NAUCELLE;87615732;LES AUBRAIS;87543017;2;Tarif Normal;couchette;29.0;123.0
Intercités de nuit à réservation obligatoire;DAX;87673202;PARIS AUSTERLITZ;87547000;1;Tarif Normal;couchette;39.0;202.0
Intercités de nuit à réservation obligatoire;NAUCELLE;87615732;PARIS GARE DE LYON;87686006;2;Tarif Normal;couchette;29.0;149.0
Intercités de nuit à réservation obligatoire;NIMES;87775007;PARIS GARE DE LYON;87686006;2;Tarif Normal;couchette;29.0;142.0
Intercités de nuit à réservation obligatoire;ELNE;87784207;PARIS AUSTERLITZ;87547000;1;Tarif Normal;couchette;39.0;238.0
Intercités de nuit à réservation obligatoire;NIMES;87775007;PARIS AUSTERLITZ;87547000;2;Tarif Normal;couchette;29.0;142.0
Intercités de nuit à réservation obligatoire;ORTHEZ;87672253;LES AUBRAIS;87543017;2;Tarif Normal;couchette;29.0;142.0
Intercités de nuit à réservation obligatoire;ELNE;87784207;PARIS BERCY;87686667;1;Tarif Normal;couchette;39.0;238.0
Intercités de nuit à réservation obligatoire;PARIS AUSTERLITZ;87547000;AX LES THERMES;87611533;2;Tarif Normal;couchette;29.0;163.0
Intercités de nuit à réservation obligatoire;ORTHEZ;87672253;PARIS BERCY;87686667;2;Tarif Normal;couchette;29.0;142.0
Intercités de nuit à réservation obligatoire;GAP;87763003;PARIS AUSTERLITZ;87547000;1;Tarif Normal;couchette;39.0;212.0
Intercités de nuit à réservation obligatoire;PARIS AUSTERLITZ;87547000;BANYULS SUR MER;87784298;2;Tarif Normal;couchette;29.0;168.0
Intercités de nuit à réservation obligatoire;PARIS AUSTERLITZ;87547000;ANTIBES;87757674;2;Tarif Normal;couchette;29.0;175.0
Intercités de nuit à réservation obligatoire;GOURDON;87613141;PARIS AUSTERLITZ;87547000;1;Tarif Normal;couchette;39.0;194.0
Intercités de nuit à réservation obligatoire;PARIS AUSTERLITZ;87547000;BAYONNE;87673004;2;Tarif Normal;couchette;29.0;142.0
Intercités de nuit à réservation obligatoire;PARIS AUSTERLITZ;87547000;CAHORS;87613000;2;Tarif Normal;couchette;29.0;134.0
Intercités de nuit à réservation obligatoire;GOURDON;87613141;PARIS BERCY;87686667;1;Tarif Normal;couchette;39.0;194.0
Intercités de nuit à réservation obligatoire;PARIS AUSTERLITZ;87547000;BRIANCON;87763607;2;Tarif Normal;couchette;29.0;160.0
Intercités de nuit à réservation obligatoire;PARIS AUSTERLITZ;87547000;LATOUR DE CAROL ENVEITG;87611483;2;Tarif Normal;couchette;29.0;163.0
Intercités de nuit à réservation obligatoire;L'ARGENTIERE LES ECRINS   (05);87763557;PARIS GARE DE LYON;87686006;1;Tarif Normal;couchette;39.0;220.0
Intercités de nuit à réservation obligatoire;PARIS AUSTERLITZ;87547000;COLLIOURE;87784256;2;Tarif Normal;couchette;29.0;168.0
Intercités de nuit à réservation obligatoire;PARIS AUSTERLITZ;87547000;MONTAUBAN VILLE BOURBON;87611244;2;Tarif Normal;couchette;29.0;142.0
Intercités de nuit à réservation obligatoire;LES AUBRAIS;87543017;BAYONNE;87673004;1;Tarif Normal;couchette;39.0;202.0
Intercités de nuit à réservation obligatoire;PARIS AUSTERLITZ;87547000;PORT VENDRES VILLE;87784264;2;Tarif Normal;couchette;29.0;168.0
Intercités de nuit à réservation obligatoire;PARIS AUSTERLITZ;87547000;SOUILLAC;87594333;2;Tarif Normal;couchette;29.0;134.0
Intercités de nuit à réservation obligatoire;LES AUBRAIS;87543017;BRIVE LA GAILLARDE;87594002;1;Tarif Normal;couchette;39.0;175.0
Intercités de nuit à réservation obligatoire;PARIS AUSTERLITZ;87547000;TOULOUSE MATABIAU;87611004;2;Tarif Normal;couchette;29.0;142.0
Intercités de nuit à réservation obligatoire;PARIS BERCY;87686667;AX LES THERMES;87611533;2;Tarif Normal;couchette;29.0;163.0
Intercités de nuit à réservation obligatoire;LES AUBRAIS;87543017;CERBERE;87785006;1;Tarif Normal;couchette;39.0;216.0
Intercités de nuit à réservation obligatoire;PARIS AUSTERLITZ;87547000;VEYNES DEVOLUY;87763300;2;Tarif Normal;couchette;29.0;152.0
Intercités de nuit à réservation obligatoire;PARIS BERCY;87686667;BRIANCON;87763607;2;Tarif Normal;couchette;29.0;160.0
Intercités de nuit à réservation obligatoire;LES AUBRAIS;87543017;PERPIGNAN;87784009;1;Tarif Normal;couchette;39.0;216.0
Intercités de nuit à réservation obligatoire;PARIS AUSTERLITZ;87547000;VIVIEZ DECAZEVILLE;87613661;2;Tarif Normal;couchette;29.0;149.0
Intercités de nuit à réservation obligatoire;PARIS BERCY;87686667;COLLIOURE;87784256;2;Tarif Normal;couchette;29.0;168.0
Intercités de nuit à réservation obligatoire;LES AUBRAIS;87543017;SOUILLAC;87594333;1;Tarif Normal;couchette;39.0;179.0
Intercités de nuit à réservation obligatoire;PARIS BERCY;87686667;BANYULS SUR MER;87784298;2;Tarif Normal;couchette;29.0;168.0
Intercités de nuit à réservation obligatoire;PARIS BERCY;87686667;NARBONNE;87781104;2;Tarif Normal;couchette;29.0;163.0
Intercités de nuit à réservation obligatoire;LEUCATE LA FRANQUI;87781088;PARIS BERCY;87686667;1;Tarif Normal;couchette;39.0;235.0
Intercités de nuit à réservation obligatoire;PARIS BERCY;87686667;BAYONNE;87673004;2;Tarif Normal;couchette;29.0;142.0
Intercités de nuit à réservation obligatoire;PARIS BERCY;87686667;SETE;87773200;2;Tarif Normal;couchette;29.0;142.0
Intercités de nuit à réservation obligatoire;LEZIGNAN-CORBIERES;87615112;PARIS GARE DE LYON;87686006;1;Tarif Normal;couchette;39.0;235.0
Intercités de nuit à réservation obligatoire;PARIS BERCY;87686667;FOIX;87611616;2;Tarif Normal;couchette;29.0;163.0
Intercités de nuit à réservation obligatoire;PARIS BERCY;87686667;SOUILLAC;87594333;2;Tarif Normal;couchette;29.0;134.0
Intercités de nuit à réservation obligatoire;LUZENAC GARANOU;87611558;PARIS GARE DE LYON;87686006;1;Tarif Normal;couchette;39.0;233.0
Intercités de nuit à réservation obligatoire;PARIS BERCY;87686667;PORT VENDRES VILLE;87784264;2;Tarif Normal;couchette;29.0;168.0
Intercités de nuit à réservation obligatoire;PARIS BERCY;87686667;TARBES;87671008;2;Tarif Normal;couchette;29.0;142.0
Intercités de nuit à réservation obligatoire;MERENS LES VALS;87611525;LES AUBRAIS;87543017;1;Tarif Normal;couchette;39.0;192.0
Intercités de nuit à réservation obligatoire;PARIS GARE DE LYON;87686006;AX LES THERMES;87611533;2;Tarif Normal;couchette;29.0;163.0
Intercités de nuit à réservation obligatoire;PARIS BERCY;87686667;VEYNES DEVOLUY;87763300;2;Tarif Normal;couchette;29.0;152.0
Intercités de nuit à réservation obligatoire;MONTDAUPHIN GUILLESTRE;87763508;PARIS BERCY;87686667;1;Tarif Normal;couchette;39.0;220.0
Intercités de nuit à réservation obligatoire;PAU;87672006;PARIS BERCY;87686667;2;Tarif Normal;couchette;29.0;142.0
Intercités de nuit à réservation obligatoire;PARIS GARE DE LYON;87686006;AGDE;87781278;2;Tarif Normal;couchette;29.0;142.0
Intercités de nuit à réservation obligatoire;NAUCELLE;87615732;PARIS GARE DE LYON;87686006;1;Tarif Normal;couchette;39.0;209.0
Intercités de nuit à réservation obligatoire;PERPIGNAN;87784009;PARIS GARE DE LYON;87686006;2;Tarif Normal;couchette;29.0;168.0
Intercités de nuit à réservation obligatoire;PARIS GARE DE LYON;87686006;COLLIOURE;87784256;2;Tarif Normal;couchette;29.0;168.0
Intercités de nuit à réservation obligatoire;NICE VILLE;87756056;PARIS AUSTERLITZ;87547000;1;Tarif Normal;couchette;39.0;245.0
Intercités de nuit à réservation obligatoire;PORT BOU.;87785956;LES AUBRAIS;87543017;2;Tarif Normal;couchette;29.0;156.0
Intercités de nuit à réservation obligatoire;PARIS GARE DE LYON;87686006;FOIX;87611616;2;Tarif Normal;couchette;29.0;163.0
Intercités de nuit à réservation obligatoire;ORTHEZ;87672253;PARIS AUSTERLITZ;87547000;1;Tarif Normal;couchette;39.0;202.0
Intercités de nuit à réservation obligatoire;PORT BOU.;87785956;PARIS AUSTERLITZ;87547000;2;Tarif Normal;couchette;29.0;168.0
Intercités de nuit à réservation obligatoire;PARIS GARE DE LYON;87686006;MONTAUBAN VILLE BOURBON;87611244;2;Tarif Normal;couchette;29.0;142.0
Intercités de nuit à réservation obligatoire;PARIS AUSTERLITZ;87547000;AX LES THERMES;87611533;1;Tarif Normal;couchette;39.0;223.0
Intercités de nuit à réservation obligatoire;PORT LA NOUVELLE;87781062;LES AUBRAIS;87543017;2;Tarif Normal;couchette;29.0;136.0
Intercités de nuit à réservation obligatoire;PARIS GARE DE LYON;87686006;PORT VENDRES VILLE;87784264;2;Tarif Normal;couchette;29.0;168.0
Intercités de nuit à réservation obligatoire;PARIS AUSTERLITZ;87547000;LATOUR DE CAROL ENVEITG;87611483;1;Tarif Normal;couchette;39.0;233.0
Intercités de nuit à réservation obligatoire;PORTE PUYMORENS;87611509;PARIS BERCY;87686667;2;Tarif Normal;couchette;29.0;163.0
Intercités de nuit à réservation obligatoire;PARIS GARE DE LYON;87686006;ST DENIS PRES MARTEL;87594572;2;Tarif Normal;couchette;29.0;136.0
Intercités de nuit à réservation obligatoire;PARIS AUSTERLITZ;87547000;LES ARCS DRAGUIGNAN;87755447;1;Tarif Normal;couchette;39.0;245.0
Intercités de nuit à réservation obligatoire;ROCAMADOUR PADIRAC;87613042;LES AUBRAIS;87543017;2;Tarif Normal;couchette;29.0;123.0
Intercités de nuit à réservation obligatoire;PARIS GARE DE LYON;87686006;ST JEAN DE LUZ CIBOURE;87677120;2;Tarif Normal;couchette;29.0;142.0
Intercités de nuit à réservation obligatoire;PARIS AUSTERLITZ;87547000;PORT VENDRES VILLE;87784264;1;Tarif Normal;couchette;39.0;238.0
Intercités de nuit à réservation obligatoire;SAVERDUN;87611368;PARIS AUSTERLITZ;87547000;2;Tarif Normal;couchette;29.0;163.0
Intercités de nuit à réservation obligatoire;PARIS GARE DE LYON;87686006;TARBES;87671008;2;Tarif Normal;couchette;29.0;142.0
Intercités de nuit à réservation obligatoire;PARIS AUSTERLITZ;87547000;RODEZ;87613422;1;Tarif Normal;couchette;39.0;209.0
Intercités de nuit à réservation obligatoire;ST GAUDENS;87611137;LES AUBRAIS;87543017;2;Tarif Normal;couchette;29.0;142.0
Intercités de nuit à réservation obligatoire;PARIS GARE DE LYON;87686006;TOULON;87755009;2;Tarif Normal;couchette;29.0;158.0
Intercités de nuit à réservation obligatoire;PARIS BERCY;87686667;ANTIBES;87757674;1;Tarif Normal;couchette;39.0;245.0
Intercités de nuit à réservation obligatoire;ST VINCENT DE TYROSSE;87673277;PARIS AUSTERLITZ;87547000;2;Tarif Normal;couchette;29.0;142.0
Intercités de nuit à réservation obligatoire;PARIS GARE DE LYON;87686006;VIVIEZ DECAZEVILLE;87613661;2;Tarif Normal;couchette;29.0;149.0
Intercités de nuit à réservation obligatoire;PARIS BERCY;87686667;NARBONNE;87781104;1;Tarif Normal;couchette;39.0;233.0
Intercités de nuit à réservation obligatoire;TARASCON SUR ARIEGE;87611590;PARIS AUSTERLITZ;87547000;2;Tarif Normal;couchette;29.0;163.0
Intercités de nuit à réservation obligatoire;SAVERDUN;87611368;PARIS BERCY;87686667;2;Tarif Normal;couchette;29.0;163.0
Intercités de nuit à réservation obligatoire;PARIS BERCY;87686667;SETE;87773200;1;Tarif Normal;couchette;39.0;212.0
Intercités de nuit à réservation obligatoire;ALBI VILLE;87615005;PARIS AUSTERLITZ;87547000;1;Tarif Normal;couchette;39.0;209.0
Intercités de nuit à réservation obligatoire;SAVERDUN;87611368;PARIS GARE DE LYON;87686006;2;Tarif Normal;couchette;29.0;163.0
Intercités de nuit à réservation obligatoire;PARIS BERCY;87686667;TOULOUSE MATABIAU;87611004;1;Tarif Normal;couchette;39.0;212.0
Intercités de nuit à réservation obligatoire;ANDORRE - L'HOSPITALET;87611517;PARIS BERCY;87686667;1;Tarif Normal;couchette;39.0;233.0
Intercités de nuit à réservation obligatoire;ST CHRISTOPHE;87613257;PARIS BERCY;87686667;2;Tarif Normal;couchette;29.0;149.0
Intercités de nuit à réservation obligatoire;PARIS GARE DE LYON;87686006;AGDE;87781278;1;Tarif Normal;couchette;39.0;212.0
Intercités de nuit à réservation obligatoire;ARGELES SUR MER;87784231;PARIS GARE DE LYON;87686006;1;Tarif Normal;couchette;39.0;238.0
Intercités de nuit à réservation obligatoire;ST VINCENT DE TYROSSE;87673277;PARIS GARE DE LYON;87686006;2;Tarif Normal;couchette;29.0;142.0
Intercités de nuit à réservation obligatoire;PARIS GARE DE LYON;87686006;AX LES THERMES;87611533;1;Tarif Normal;couchette;39.0;223.0
Intercités de nuit à réservation obligatoire;ASSIER;87613075;PARIS GARE DE LYON;87686006;1;Tarif Normal;couchette;39.0;196.0
Intercités de nuit à réservation obligatoire;TARASCON SUR ARIEGE;87611590;LES AUBRAIS;87543017;2;Tarif Normal;couchette;29.0;132.0
Intercités de nuit à réservation obligatoire;PARIS GARE DE LYON;87686006;BAYONNE;87673004;1;Tarif Normal;couchette;39.0;202.0
Intercités de nuit à réservation obligatoire;AUBIN;87613224;LES AUBRAIS;87543017;1;Tarif Normal;couchette;39.0;180.0
Intercités de nuit à réservation obligatoire;TARASCON SUR ARIEGE;87611590;PARIS GARE DE LYON;87686006;2;Tarif Normal;couchette;29.0;163.0
Intercités de nuit à réservation obligatoire;PARIS GARE DE LYON;87686006;CERBERE;87785006;1;Tarif Normal;couchette;39.0;238.0
Intercités de nuit à réservation obligatoire;AUBIN;87613224;PARIS GARE DE LYON;87686006;1;Tarif Normal;couchette;39.0;209.0
Intercités de nuit à réservation obligatoire;ALBI VILLE;87615005;PARIS BERCY;87686667;1;Tarif Normal;couchette;39.0;209.0
Intercités de nuit à réservation obligatoire;PARIS GARE DE LYON;87686006;LES ARCS DRAGUIGNAN;87755447;1;Tarif Normal;couchette;39.0;245.0
Intercités de nuit à réservation obligatoire;AURILLAC;87645002;LES AUBRAIS;87543017;1;Tarif Normal;couchette;39.0;196.0
Intercités de nuit à réservation obligatoire;AUTERIVE;87611384;PARIS GARE DE LYON;87686006;1;Tarif Normal;couchette;39.0;223.0
Intercités de nuit à réservation obligatoire;PARIS GARE DE LYON;87686006;SETE;87773200;1;Tarif Normal;couchette;39.0;212.0
Intercités de nuit à réservation obligatoire;AURILLAC;87645002;PARIS BERCY;87686667;1;Tarif Normal;couchette;39.0;196.0
Intercités de nuit à réservation obligatoire;BEZIERS;87781005;PARIS AUSTERLITZ;87547000;1;Tarif Normal;couchette;39.0;212.0
Intercités de nuit à réservation obligatoire;PARIS GARE DE LYON;87686006;ST RAPHAEL VALESCURE;87757526;1;Tarif Normal;couchette;39.0;245.0
Intercités de nuit à réservation obligatoire;BEZIERS;87781005;PARIS GARE DE LYON;87686006;1;Tarif Normal;couchette;39.0;212.0
Intercités de nuit à réservation obligatoire;BIARRITZ;87673400;PARIS BERCY;87686667;1;Tarif Normal;couchette;39.0;212.0
Intercités de nuit à réservation obligatoire;PARIS GARE DE LYON;87686006;TARBES;87671008;1;Tarif Normal;couchette;39.0;202.0
Intercités de nuit à réservation obligatoire;BIARRITZ;87673400;LES AUBRAIS;87543017;1;Tarif Normal;couchette;39.0;212.0
Intercités de nuit à réservation obligatoire;BIGANOS FACTURE;87582478;PARIS BERCY;87686667;1;Tarif Normal;couchette;39.0;202.0
Intercités de nuit à réservation obligatoire;PARIS GARE DE LYON;87686006;VIVIEZ DECAZEVILLE;87613661;1;Tarif Normal;couchette;39.0;209.0
Intercités de nuit à réservation obligatoire;BIARRITZ;87673400;PARIS AUSTERLITZ;87547000;1;Tarif Normal;couchette;39.0;212.0
Intercités de nuit à réservation obligatoire;BRETENOUX BIARS;87594762;PARIS AUSTERLITZ;87547000;1;Tarif Normal;couchette;39.0;196.0
Intercités de nuit à réservation obligatoire;PORT LA NOUVELLE;87781062;PARIS GARE DE LYON;87686006;1;Tarif Normal;couchette;39.0;235.0
Intercités de nuit à réservation obligatoire;BIGANOS FACTURE;87582478;LES AUBRAIS;87543017;1;Tarif Normal;couchette;39.0;202.0
Intercités de nuit à réservation obligatoire;CANNES;87757625;PARIS BERCY;87686667;1;Tarif Normal;couchette;39.0;245.0
Intercités de nuit à réservation obligatoire;PORTE PUYMORENS;87611509;PARIS GARE DE LYON;87686006;1;Tarif Normal;couchette;39.0;233.0
Intercités de nuit à réservation obligatoire;BRETENOUX BIARS;87594762;PARIS BERCY;87686667;1;Tarif Normal;couchette;39.0;196.0
Intercités de nuit à réservation obligatoire;CARMAUX;87615625;PARIS GARE DE LYON;87686006;1;Tarif Normal;couchette;39.0;209.0
Intercités de nuit à réservation obligatoire;ST VINCENT DE TYROSSE;87673277;LES AUBRAIS;87543017;1;Tarif Normal;couchette;39.0;202.0
Intercités de nuit à réservation obligatoire;CANNES;87757625;PARIS AUSTERLITZ;87547000;1;Tarif Normal;couchette;39.0;245.0
Intercités de nuit à réservation obligatoire;CAUSSADE TARN ET GARONNE;87613356;PARIS AUSTERLITZ;87547000;1;Tarif Normal;couchette;39.0;202.0
Intercités de nuit à réservation obligatoire;ST VINCENT DE TYROSSE;87673277;PARIS BERCY;87686667;1;Tarif Normal;couchette;39.0;202.0
Intercités de nuit à réservation obligatoire;CAPDENAC;87613109;PARIS AUSTERLITZ;87547000;1;Tarif Normal;couchette;39.0;196.0
Intercités de nuit à réservation obligatoire;CAUSSADE TARN ET GARONNE;87613356;PARIS GARE DE LYON;87686006;1;Tarif Normal;couchette;39.0;202.0
Intercités de nuit à réservation obligatoire;CARCASSONNE;87615286;LES AUBRAIS;87543017;1;Tarif Normal;couchette;39.0;196.0
Intercités de nuit à réservation obligatoire;CRANSAC;87613232;PARIS AUSTERLITZ;87547000;1;Tarif Normal;couchette;39.0;209.0
Intercités de nuit à réservation obligatoire;CARCASSONNE;87615286;PARIS GARE DE LYON;87686006;1;Tarif Normal;couchette;39.0;235.0
Intercités de nuit à réservation obligatoire;CREST;87761783;PARIS BERCY;87686667;1;Tarif Normal;couchette;39.0;200.0
Intercités de nuit à réservation obligatoire;CARMAUX;87615625;LES AUBRAIS;87543017;1;Tarif Normal;couchette;39.0;183.0
Intercités de nuit à réservation obligatoire;DAX;87673202;PARIS GARE DE LYON;87686006;1;Tarif Normal;couchette;39.0;202.0
Intercités de nuit à réservation obligatoire;CASTELNAUDARY;87615039;PARIS BERCY;87686667;1;Tarif Normal;couchette;39.0;235.0
Intercités de nuit à réservation obligatoire;DIE;87761841;PARIS AUSTERLITZ;87547000;1;Tarif Normal;couchette;39.0;200.0
Intercités de nuit à réservation obligatoire;CAUSSADE TARN ET GARONNE;87613356;PARIS BERCY;87686667;1;Tarif Normal;couchette;39.0;202.0
Intercités de nuit à réservation obligatoire;GOURDON;87613141;LES AUBRAIS;87543017;1;Tarif Normal;couchette;39.0;179.0
Intercités de nuit à réservation obligatoire;CREST;87761783;PARIS AUSTERLITZ;87547000;1;Tarif Normal;couchette;39.0;200.0
Intercités de nuit à réservation obligatoire;GOURDON;87613141;PARIS GARE DE LYON;87686006;1;Tarif Normal;couchette;39.0;194.0
Intercités de nuit à réservation obligatoire;DAX;87673202;LES AUBRAIS;87543017;1;Tarif Normal;couchette;39.0;202.0
Intercités de nuit à réservation obligatoire;GRAMAT;87613059;PARIS BERCY;87686667;1;Tarif Normal;couchette;39.0;196.0
Intercités de nuit à réservation obligatoire;DIE;87761841;PARIS BERCY;87686667;1;Tarif Normal;couchette;39.0;200.0
Intercités de nuit à réservation obligatoire;IRUN FRANCE;87677914;LES AUBRAIS;87543017;1;Tarif Normal;couchette;39.0;212.0
Intercités de nuit à réservation obligatoire;EMBRUN;87763466;PARIS GARE DE LYON;87686006;1;Tarif Normal;couchette;39.0;220.0
Intercités de nuit à réservation obligatoire;L'ARGENTIERE LES ECRINS   (05);87763557;PARIS AUSTERLITZ;87547000;1;Tarif Normal;couchette;39.0;220.0
Intercités de nuit à réservation obligatoire;FIGEAC;87613091;LES AUBRAIS;87543017;1;Tarif Normal;couchette;39.0;183.0
Intercités de nuit à réservation obligatoire;LAROQUEBROU;87645135;PARIS BERCY;87686667;1;Tarif Normal;couchette;39.0;196.0
Intercités de nuit à réservation obligatoire;GRAMAT;87613059;PARIS GARE DE LYON;87686006;1;Tarif Normal;couchette;39.0;196.0
Intercités de nuit à réservation obligatoire;LES AUBRAIS;87543017;BANYULS SUR MER;87784298;1;Tarif Normal;couchette;39.0;216.0
Intercités de nuit à réservation obligatoire;HENDAYE;87677005;LES AUBRAIS;87543017;1;Tarif Normal;couchette;39.0;212.0
Intercités de nuit à réservation obligatoire;LES AUBRAIS;87543017;COLLIOURE;87784256;1;Tarif Normal;couchette;39.0;216.0
Intercités de nuit à réservation obligatoire;HENDAYE;87677005;PARIS GARE DE LYON;87686006;1;Tarif Normal;couchette;39.0;212.0
Intercités de nuit à réservation obligatoire;LES AUBRAIS;87543017;LOURDES;87671339;1;Tarif Normal;couchette;39.0;202.0
Intercités de nuit à réservation obligatoire;IRUN FRANCE;87677914;PARIS AUSTERLITZ;87547000;1;Tarif Normal;couchette;39.0;212.0
Intercités de nuit à réservation obligatoire;LES AUBRAIS;87543017;ST JEAN DE LUZ CIBOURE;87677120;1;Tarif Normal;couchette;39.0;212.0
Intercités de nuit à réservation obligatoire;IRUN FRANCE;87677914;PARIS GARE DE LYON;87686006;1;Tarif Normal;couchette;39.0;212.0
Intercités de nuit à réservation obligatoire;LES AUBRAIS;87543017;TARBES;87671008;1;Tarif Normal;couchette;39.0;202.0
Intercités de nuit à réservation obligatoire;L'ARGENTIERE LES ECRINS   (05);87763557;PARIS BERCY;87686667;1;Tarif Normal;couchette;39.0;220.0
Intercités de nuit à réservation obligatoire;LES AUBRAIS;87543017;VIVIEZ DECAZEVILLE;87613661;1;Tarif Normal;couchette;39.0;183.0
Intercités de nuit à réservation obligatoire;LES AUBRAIS;87543017;CAHORS;87613000;1;Tarif Normal;couchette;39.0;179.0
Intercités de nuit à réservation obligatoire;LES CABANNES;87611574;PARIS GARE DE LYON;87686006;1;Tarif Normal;couchette;39.0;223.0
Intercités de nuit à réservation obligatoire;LES AUBRAIS;87543017;FOIX;87611616;1;Tarif Normal;couchette;39.0;192.0
Intercités de nuit à réservation obligatoire;LEZIGNAN-CORBIERES;87615112;LES AUBRAIS;87543017;1;Tarif Normal;couchette;39.0;196.0
Intercités de nuit à réservation obligatoire;LES AUBRAIS;87543017;RODEZ;87613422;1;Tarif Normal;couchette;39.0;183.0
Intercités de nuit à réservation obligatoire;LEZIGNAN-CORBIERES;87615112;PARIS AUSTERLITZ;87547000;1;Tarif Normal;couchette;39.0;225.0
Intercités de nuit à réservation obligatoire;LES AUBRAIS;87543017;ST DENIS PRES MARTEL;87594572;1;Tarif Normal;couchette;39.0;183.0
Intercités de nuit à réservation obligatoire;LOURDES;87671339;PARIS GARE DE LYON;87686006;1;Tarif Normal;couchette;39.0;202.0
Intercités de nuit à réservation obligatoire;LES CABANNES;87611574;PARIS AUSTERLITZ;87547000;1;Tarif Normal;couchette;39.0;223.0
Intercités de nuit à réservation obligatoire;LUZENAC GARANOU;87611558;PARIS AUSTERLITZ;87547000;1;Tarif Normal;couchette;39.0;233.0
Intercités de nuit à réservation obligatoire;LEUCATE LA FRANQUI;87781088;PARIS AUSTERLITZ;87547000;1;Tarif Normal;couchette;39.0;235.0
Intercités de nuit à réservation obligatoire;MARSEILLE BLANCARDE;87751081;PARIS BERCY;87686667;1;Tarif Normal;couchette;39.0;223.0
Intercités de nuit à réservation obligatoire;LUC EN DIOIS;87761874;PARIS AUSTERLITZ;87547000;1;Tarif Normal;couchette;39.0;200.0
Intercités de nuit à réservation obligatoire;MERENS LES VALS;87611525;PARIS AUSTERLITZ;87547000;1;Tarif Normal;couchette;39.0;233.0
Intercités de nuit à réservation obligatoire;MARSEILLE BLANCARDE;87751081;PARIS GARE DE LYON;87686006;1;Tarif Normal;couchette;39.0;223.0
Intercités de nuit à réservation obligatoire;MERENS LES VALS;87611525;PARIS GARE DE LYON;87686006;1;Tarif Normal;couchette;39.0;233.0
Intercités de nuit à réservation obligatoire;MONTPELLIER SAINT-ROCH;87773002;PARIS BERCY;87686667;1;Tarif Normal;couchette;39.0;212.0
Intercités de nuit à réservation obligatoire;MONTPELLIER SUD DE FRANCE;87688887;PARIS AUSTERLITZ;87547000;1;Tarif Normal;couchette;39.0;212.0
Intercités de nuit à réservation obligatoire;MONTPELLIER SUD DE FRANCE;87688887;PARIS GARE DE LYON;87686006;1;Tarif Normal;couchette;39.0;212.0
Intercités de nuit à réservation obligatoire;MONTPELLIER SUD DE FRANCE;87688887;PARIS BERCY;87686667;1;Tarif Normal;couchette;39.0;212.0
Intercités de nuit à réservation obligatoire;NICE VILLE;87756056;PARIS GARE DE LYON;87686006;1;Tarif Normal;couchette;39.0;245.0
Intercités de nuit à réservation obligatoire;NAUCELLE;87615732;LES AUBRAIS;87543017;1;Tarif Normal;couchette;39.0;183.0
Intercités de nuit à réservation obligatoire;NIMES;87775007;PARIS BERCY;87686667;1;Tarif Normal;couchette;39.0;212.0
Intercités de nuit à réservation obligatoire;NAUCELLE;87615732;PARIS AUSTERLITZ;87547000;1;Tarif Normal;couchette;39.0;209.0
Intercités de nuit à réservation obligatoire;ORTHEZ;87672253;LES AUBRAIS;87543017;1;Tarif Normal;couchette;39.0;202.0
Intercités de nuit à réservation obligatoire;NICE VILLE;87756056;PARIS BERCY;87686667;1;Tarif Normal;couchette;39.0;245.0
Intercités de nuit à réservation obligatoire;ORTHEZ;87672253;PARIS GARE DE LYON;87686006;1;Tarif Normal;couchette;39.0;202.0
Intercités de nuit à réservation obligatoire;NIMES;87775007;PARIS AUSTERLITZ;87547000;1;Tarif Normal;couchette;39.0;212.0
Intercités de nuit à réservation obligatoire;PARIS AUSTERLITZ;87547000;ANTIBES;87757674;1;Tarif Normal;couchette;39.0;245.0
Intercités de nuit à réservation obligatoire;PARIS AUSTERLITZ;87547000;AGDE;87781278;1;Tarif Normal;couchette;39.0;212.0
Intercités de nuit à réservation obligatoire;PARIS AUSTERLITZ;87547000;COLLIOURE;87784256;1;Tarif Normal;couchette;39.0;238.0
Intercités de nuit à réservation obligatoire;PARIS AUSTERLITZ;87547000;BANYULS SUR MER;87784298;1;Tarif Normal;couchette;39.0;238.0
Intercités de nuit à réservation obligatoire;PARIS AUSTERLITZ;87547000;FOIX;87611616;1;Tarif Normal;couchette;39.0;223.0
Intercités de nuit à réservation obligatoire;PARIS AUSTERLITZ;87547000;BAYONNE;87673004;1;Tarif Normal;couchette;39.0;202.0
Intercités de nuit à réservation obligatoire;PARIS AUSTERLITZ;87547000;ST DENIS PRES MARTEL;87594572;1;Tarif Normal;couchette;39.0;196.0
Intercités de nuit à réservation obligatoire;PARIS AUSTERLITZ;87547000;BRIANCON;87763607;1;Tarif Normal;couchette;39.0;220.0
Intercités de nuit à réservation obligatoire;PARIS AUSTERLITZ;87547000;VIVIEZ DECAZEVILLE;87613661;1;Tarif Normal;couchette;39.0;209.0
Intercités de nuit à réservation obligatoire;PARIS AUSTERLITZ;87547000;BRIVE LA GAILLARDE;87594002;1;Tarif Normal;couchette;39.0;196.0
Intercités de nuit à réservation obligatoire;PARIS BERCY;87686667;CAHORS;87613000;1;Tarif Normal;couchette;39.0;194.0
Intercités de nuit à réservation obligatoire;PARIS AUSTERLITZ;87547000;MONTAUBAN VILLE BOURBON;87611244;1;Tarif Normal;couchette;39.0;202.0
Intercités de nuit à réservation obligatoire;PARIS BERCY;87686667;MONTAUBAN VILLE BOURBON;87611244;1;Tarif Normal;couchette;39.0;202.0
Intercités de nuit à réservation obligatoire;PARIS AUSTERLITZ;87547000;PAMIERS;87611343;1;Tarif Normal;couchette;39.0;223.0
Intercités de nuit à réservation obligatoire;PARIS BERCY;87686667;VIVIEZ DECAZEVILLE;87613661;1;Tarif Normal;couchette;39.0;209.0
Intercités de nuit à réservation obligatoire;PARIS AUSTERLITZ;87547000;PERPIGNAN;87784009;1;Tarif Normal;couchette;39.0;238.0
Intercités de nuit à réservation obligatoire;PARIS GARE DE LYON;87686006;PORT VENDRES VILLE;87784264;1;Tarif Normal;couchette;39.0;238.0
Intercités de nuit à réservation obligatoire;PARIS BERCY;87686667;AX LES THERMES;87611533;1;Tarif Normal;couchette;39.0;223.0
Intercités de nuit à réservation obligatoire;PARIS GARE DE LYON;87686006;RODEZ;87613422;1;Tarif Normal;couchette;39.0;209.0
Intercités de nuit à réservation obligatoire;PARIS BERCY;87686667;CERBERE;87785006;1;Tarif Normal;couchette;39.0;238.0
Intercités de nuit à réservation obligatoire;PARIS GARE DE LYON;87686006;ST JEAN DE LUZ CIBOURE;87677120;1;Tarif Normal;couchette;39.0;212.0
Intercités de nuit à réservation obligatoire;PARIS BERCY;87686667;FOIX;87611616;1;Tarif Normal;couchette;39.0;223.0
Intercités de nuit à réservation obligatoire;PERPIGNAN;87784009;PARIS GARE DE LYON;87686006;1;Tarif Normal;couchette;39.0;238.0
Intercités de nuit à réservation obligatoire;PARIS BERCY;87686667;PAMIERS;87611343;1;Tarif Normal;couchette;39.0;223.0
Intercités de nuit à réservation obligatoire;PORT BOU.;87785956;LES AUBRAIS;87543017;1;Tarif Normal;couchette;39.0;216.0
Intercités de nuit à réservation obligatoire;PARIS BERCY;87686667;PERPIGNAN;87784009;1;Tarif Normal;couchette;39.0;238.0
Intercités de nuit à réservation obligatoire;PORT BOU.;87785956;PARIS GARE DE LYON;87686006;1;Tarif Normal;couchette;39.0;238.0
Intercités de nuit à réservation obligatoire;PARIS BERCY;87686667;ST DENIS PRES MARTEL;87594572;1;Tarif Normal;couchette;39.0;196.0
Intercités de nuit à réservation obligatoire;PORT LA NOUVELLE;87781062;LES AUBRAIS;87543017;1;Tarif Normal;couchette;39.0;225.0
Intercités de nuit à réservation obligatoire;PARIS BERCY;87686667;ST JEAN DE LUZ CIBOURE;87677120;1;Tarif Normal;couchette;39.0;212.0
Intercités de nuit à réservation obligatoire;RIVESALTES;87784173;LES AUBRAIS;87543017;1;Tarif Normal;couchette;39.0;214.0
Intercités de nuit à réservation obligatoire;PARIS BERCY;87686667;TARBES;87671008;1;Tarif Normal;couchette;39.0;202.0
Intercités de nuit à réservation obligatoire;ROCAMADOUR PADIRAC;87613042;PARIS AUSTERLITZ;87547000;1;Tarif Normal;couchette;39.0;196.0
Intercités de nuit à réservation obligatoire;PARIS BERCY;87686667;VEYNES DEVOLUY;87763300;1;Tarif Normal;couchette;39.0;212.0
Intercités de nuit à réservation obligatoire;ST GAUDENS;87611137;LES AUBRAIS;87543017;1;Tarif Normal;couchette;39.0;202.0
Intercités de nuit à réservation obligatoire;PARIS GARE DE LYON;87686006;PAMIERS;87611343;1;Tarif Normal;couchette;39.0;223.0
Intercités de nuit à réservation obligatoire;ST VINCENT DE TYROSSE;87673277;PARIS GARE DE LYON;87686006;1;Tarif Normal;couchette;39.0;202.0
Intercités de nuit à réservation obligatoire;PARIS GARE DE LYON;87686006;ST DENIS PRES MARTEL;87594572;1;Tarif Normal;couchette;39.0;196.0
Intercités de nuit à réservation obligatoire;PARIS GARE DE LYON;87686006;TOULON;87755009;1;Tarif Normal;couchette;39.0;228.0
Intercités de nuit à réservation obligatoire;PARIS GARE DE LYON;87686006;TOULOUSE MATABIAU;87611004;1;Tarif Normal;couchette;39.0;212.0
Intercités de nuit à réservation obligatoire;PARIS GARE DE LYON;87686006;VEYNES DEVOLUY;87763300;1;Tarif Normal;couchette;39.0;212.0
Intercités de nuit à réservation obligatoire;PAU;87672006;PARIS GARE DE LYON;87686006;1;Tarif Normal;couchette;39.0;202.0
Intercités de nuit à réservation obligatoire;PORT LA NOUVELLE;87781062;PARIS BERCY;87686667;1;Tarif Normal;couchette;39.0;235.0
Intercités de nuit à réservation obligatoire;PORTE PUYMORENS;87611509;LES AUBRAIS;87543017;1;Tarif Normal;couchette;39.0;192.0
Intercités de nuit à réservation obligatoire;PORTE PUYMORENS;87611509;PARIS AUSTERLITZ;87547000;1;Tarif Normal;couchette;39.0;233.0
Intercités de nuit à réservation obligatoire;RIVESALTES;87784173;PARIS AUSTERLITZ;87547000;1;Tarif Normal;couchette;39.0;235.0
Intercités de nuit à réservation obligatoire;RIVESALTES;87784173;PARIS BERCY;87686667;1;Tarif Normal;couchette;39.0;235.0
Intercités de nuit à réservation obligatoire;RIVESALTES;87784173;PARIS GARE DE LYON;87686006;1;Tarif Normal;couchette;39.0;235.0
Intercités de nuit à réservation obligatoire;ROCAMADOUR PADIRAC;87613042;PARIS BERCY;87686667;1;Tarif Normal;couchette;39.0;196.0
Intercités de nuit à réservation obligatoire;SAVERDUN;87611368;PARIS AUSTERLITZ;87547000;1;Tarif Normal;couchette;39.0;223.0
Intercités de nuit à réservation obligatoire;ST CHRISTOPHE;87613257;PARIS BERCY;87686667;1;Tarif Normal;couchette;39.0;209.0
Intercités de nuit à réservation obligatoire;ST GAUDENS;87611137;PARIS AUSTERLITZ;87547000;1;Tarif Normal;couchette;39.0;202.0
Intercités de nuit à réservation obligatoire;ST VINCENT DE TYROSSE;87673277;PARIS AUSTERLITZ;87547000;1;Tarif Normal;couchette;39.0;202.0
Intercités de nuit à réservation obligatoire;TARASCON SUR ARIEGE;87611590;LES AUBRAIS;87543017;1;Tarif Normal;couchette;39.0;192.0
Intercités de nuit à réservation obligatoire;TARASCON SUR ARIEGE;87611590;PARIS GARE DE LYON;87686006;1;Tarif Normal;couchette;39.0;223.0
Intercités de jour à réservation obligatoire;AGEN;87586008;ARLES;87753657;2;Tarif Normal;assise;19.0;70.0
Intercités de jour à réservation obligatoire;AGEN;87586008;BEZIERS;87781005;2;Tarif Normal;assise;15.0;45.0
Intercités de jour à réservation obligatoire;AGEN;87586008;MONTAUBAN VILLE BOURBON;87611244;2;Tarif Normal;assise;9.0;19.0
Intercités de jour à réservation obligatoire;AGEN;87586008;MONTPELLIER SUD DE FRANCE;87688887;2;Tarif Normal;assise;19.0;55.0
Intercités de jour à réservation obligatoire;AGEN;87586008;TOULOUSE MATABIAU;87611004;2;Tarif Normal;assise;12.0;29.0
Intercités de jour à réservation obligatoire;ARGENTON SUR CREUSE;87597120;LES AUBRAIS;87543017;2;Tarif Normal;assise;10.0;34.0
Intercités de jour à réservation obligatoire;ARGENTON SUR CREUSE;87597120;MONTAUBAN VILLE BOURBON;87611244;2;Tarif Normal;assise;15.0;59.0
Intercités de jour à réservation obligatoire;ARGENTON SUR CREUSE;87597120;PARIS AUSTERLITZ;87547000;2;Tarif Normal;assise;15.0;48.0
Intercités de jour à réservation obligatoire;ARLES;87753657;MARMANDE;87586545;2;Tarif Normal;assise;19.0;70.0
Intercités de jour à réservation obligatoire;ARLES;87753657;MONTAUBAN VILLE BOURBON;87611244;2;Tarif Normal;assise;19.0;65.0
Intercités de jour à réservation obligatoire;BEZIERS;87781005;MONTPELLIER SUD DE FRANCE;87688887;2;Tarif Normal;assise;9.0;19.0
Intercités de jour à réservation obligatoire;BORDEAUX ST JEAN;87581009;NIMES;87775007;2;Tarif Normal;assise;19.0;85.0
Intercités de jour à réservation obligatoire;BORDEAUX ST JEAN;87581009;TOULOUSE MATABIAU;87611004;2;Tarif Normal;assise;15.0;45.0
Intercités de jour à réservation obligatoire;BRIVE LA GAILLARDE;87594002;CAUSSADE TARN ET GARONNE;87613356;2;Tarif Normal;assise;14.600000000000001;28.0
Intercités de jour à réservation obligatoire;BRIVE LA GAILLARDE;87594002;ISSOUDUN;87597062;2;Tarif Normal;assise;15.0;47.0
Intercités de jour à réservation obligatoire;BRIVE LA GAILLARDE;87594002;SOUILLAC;87594333;2;Tarif Normal;assise;6.300000000000001;12.100000000000001
Intercités de jour à réservation obligatoire;CARCASSONNE;87615286;MARMANDE;87586545;2;Tarif Normal;assise;15.0;45.0
Intercités de jour à réservation obligatoire;CARCASSONNE;87615286;MONTPELLIER SAINT-ROCH;87773002;2;Tarif Normal;assise;12.0;35.0
Intercités de jour à réservation obligatoire;CARCASSONNE;87615286;MONTPELLIER SUD DE FRANCE;87688887;2;Tarif Normal;assise;12.0;35.0
Intercités de jour à réservation obligatoire;CARCASSONNE;87615286;NIMES;87775007;2;Tarif Normal;assise;15.0;45.0
Intercités de jour à réservation obligatoire;CAUSSADE TARN ET GARONNE;87613356;CAHORS;87613000;2;Tarif Normal;assise;6.300000000000001;12.100000000000001
Intercités de jour à réservation obligatoire;CAUSSADE TARN ET GARONNE;87613356;PARIS AUSTERLITZ;87547000;2;Tarif Normal;assise;15.0;85.0
Intercités de jour à réservation obligatoire;CAUSSADE TARN ET GARONNE;87613356;PARIS GARE DE LYON;87686006;2;Tarif Normal;assise;15.0;85.0
Intercités de jour à réservation obligatoire;CHATEAUROUX;87597005;PARIS AUSTERLITZ;87547000;2;Tarif Normal;assise;15.0;44.0
Intercités de jour à réservation obligatoire;ARGENTON SUR CREUSE;87597120;TOULOUSE MATABIAU;87611004;2;Tarif Normal;assise;20.0;67.0
Intercités de jour à réservation obligatoire;CHATEAUROUX;87597005;SOUILLAC;87594333;2;Tarif Normal;assise;15.0;47.0
Intercités de jour à réservation obligatoire;BEZIERS;87781005;MONTAUBAN VILLE BOURBON;87611244;2;Tarif Normal;assise;15.0;45.0
Intercités de jour à réservation obligatoire;CHATEAUROUX;87597005;VIERZON VILLE;87576009;2;Tarif Normal;assise;8.3;16.0
Intercités de jour à réservation obligatoire;BEZIERS;87781005;MONTPELLIER SAINT-ROCH;87773002;2;Tarif Normal;assise;9.0;19.0
Intercités de jour à réservation obligatoire;CLERMONT FERRAND;87734004;PARIS AUSTERLITZ;87547000;2;Tarif Normal;assise;15.0;65.0
Intercités de jour à réservation obligatoire;BEZIERS;87781005;NARBONNE;87781104;2;Tarif Normal;assise;7.0;15.0
Intercités de jour à réservation obligatoire;CLERMONT FERRAND;87734004;SAINCAIZE;87696260;2;Tarif Normal;assise;10.0;33.0
Intercités de jour à réservation obligatoire;BORDEAUX ST JEAN;87581009;CARCASSONNE;87615286;2;Tarif Normal;assise;19.0;55.0
Intercités de jour à réservation obligatoire;CLERMONT FERRAND;87734004;VICHY;87732008;2;Tarif Normal;assise;7.5;14.5
Intercités de jour à réservation obligatoire;BRIVE LA GAILLARDE;87594002;MONTAUBAN VILLE BOURBON;87611244;2;Tarif Normal;assise;10.0;31.0
Intercités de jour à réservation obligatoire;GOURDON;87613141;CAUSSADE TARN ET GARONNE;87613356;2;Tarif Normal;assise;9.9;19.0
Intercités de jour à réservation obligatoire;CARCASSONNE;87615286;SETE;87773200;2;Tarif Normal;assise;12.0;29.0
Intercités de jour à réservation obligatoire;GOURDON;87613141;MONTAUBAN VILLE BOURBON;87611244;2;Tarif Normal;assise;11.9;23.0
Intercités de jour à réservation obligatoire;CARCASSONNE;87615286;TOULOUSE MATABIAU;87611004;2;Tarif Normal;assise;9.0;19.0
Intercités de jour à réservation obligatoire;GOURDON;87613141;SOUILLAC;87594333;2;Tarif Normal;assise;4.1000000000000005;7.800000000000001
Intercités de jour à réservation obligatoire;CHATEAUROUX;87597005;GOURDON;87613141;2;Tarif Normal;assise;15.0;50.0
Intercités de jour à réservation obligatoire;ISSOUDUN;87597062;TOULOUSE MATABIAU;87611004;2;Tarif Normal;assise;20.0;74.0
Intercités de jour à réservation obligatoire;CHATEAUROUX;87597005;ISSOUDUN;87597062;2;Tarif Normal;assise;4.7;9.0
Intercités de jour à réservation obligatoire;LA SOUTERRAINE;87592378;CAHORS;87613000;2;Tarif Normal;assise;15.0;46.0
Intercités de jour à réservation obligatoire;CHATEAUROUX;87597005;LA SOUTERRAINE;87592378;2;Tarif Normal;assise;9.700000000000001;18.5
Intercités de jour à réservation obligatoire;LA SOUTERRAINE;87592378;MONTAUBAN VILLE BOURBON;87611244;2;Tarif Normal;assise;15.0;53.0
Intercités de jour à réservation obligatoire;CHATEAUROUX;87597005;MONTAUBAN VILLE BOURBON;87611244;2;Tarif Normal;assise;15.0;63.0
Intercités de jour à réservation obligatoire;LA SOUTERRAINE;87592378;PARIS AUSTERLITZ;87547000;2;Tarif Normal;assise;15.0;54.0
Intercités de jour à réservation obligatoire;CHATEAUROUX;87597005;PARIS BERCY;87686667;2;Tarif Normal;assise;15.0;44.0
Intercités de jour à réservation obligatoire;LIMOGES BENEDICTINS;87592006;GOURDON;87613141;2;Tarif Normal;assise;10.0;32.0
Intercités de jour à réservation obligatoire;CLERMONT FERRAND;87734004;PARIS GARE DE LYON;87686006;2;Tarif Normal;assise;15.0;65.0
Intercités de jour à réservation obligatoire;LIMOGES BENEDICTINS;87592006;PARIS AUSTERLITZ;87547000;2;Tarif Normal;assise;15.0;65.0
Intercités de jour à réservation obligatoire;ISSOUDUN;87597062;GOURDON;87613141;2;Tarif Normal;assise;15.0;54.0
Intercités de jour à réservation obligatoire;LIMOGES BENEDICTINS;87592006;TOULOUSE MATABIAU;87611004;2;Tarif Normal;assise;15.0;54.0
Intercités de jour à réservation obligatoire;ISSOUDUN;87597062;LA SOUTERRAINE;87592378;2;Tarif Normal;assise;12.100000000000001;23.5
Intercités de jour à réservation obligatoire;MARMANDE;87586545;NARBONNE;87781104;2;Tarif Normal;assise;19.0;55.0
Intercités de jour à réservation obligatoire;ISSOUDUN;87597062;LES AUBRAIS;87543017;2;Tarif Normal;assise;13.0;25.0
Intercités de jour à réservation obligatoire;MARMANDE;87586545;SETE;87773200;2;Tarif Normal;assise;19.0;65.0
Intercités de jour à réservation obligatoire;LA SOUTERRAINE;87592378;PARIS GARE DE LYON;87686006;2;Tarif Normal;assise;15.0;54.0
Intercités de jour à réservation obligatoire;MONTAUBAN VILLE BOURBON;87611244;TOULOUSE MATABIAU;87611004;2;Tarif Normal;assise;5.0;14.5
Intercités de jour à réservation obligatoire;LA SOUTERRAINE;87592378;SOUILLAC;87594333;2;Tarif Normal;assise;10.0;36.0
Intercités de jour à réservation obligatoire;MONTPELLIER SAINT-ROCH;87773002;MARSEILLE ST CHARLES;87751008;2;Tarif Normal;assise;12.0;35.0
Intercités de jour à réservation obligatoire;LES AUBRAIS;87543017;PARIS GARE DE LYON;87686006;2;Tarif Normal;assise;13.5;25.0
Intercités de jour à réservation obligatoire;MONTPELLIER SAINT-ROCH;87773002;NARBONNE;87781104;2;Tarif Normal;assise;12.0;29.0
Intercités de jour à réservation obligatoire;LIMOGES BENEDICTINS;87592006;BRIVE LA GAILLARDE;87594002;2;Tarif Normal;assise;11.9;23.0
Intercités de jour à réservation obligatoire;MONTPELLIER SUD DE FRANCE;87688887;MARMANDE;87586545;2;Tarif Normal;assise;19.0;70.0
Intercités de jour à réservation obligatoire;LIMOGES BENEDICTINS;87592006;CAUSSADE TARN ET GARONNE;87613356;2;Tarif Normal;assise;10.0;44.0
Intercités de jour à réservation obligatoire;MONTPELLIER SUD DE FRANCE;87688887;SETE;87773200;2;Tarif Normal;assise;7.0;15.0
Intercités de jour à réservation obligatoire;LIMOGES BENEDICTINS;87592006;ISSOUDUN;87597062;2;Tarif Normal;assise;10.0;33.0
Intercités de jour à réservation obligatoire;NEVERS;87696005;MOULINS SUR ALLIER;87696328;2;Tarif Normal;assise;8.200000000000001;15.5
Intercités de jour à réservation obligatoire;LIMOGES BENEDICTINS;87592006;SOUILLAC;87594333;2;Tarif Normal;assise;14.600000000000001;28.0
Intercités de jour à réservation obligatoire;NEVERS;87696005;PARIS GARE DE LYON;87686006;2;Tarif Normal;assise;15.0;43.0
Intercités de jour à réservation obligatoire;LIMOGES BENEDICTINS;87592006;VIERZON VILLE;87576009;2;Tarif Normal;assise;15.0;38.0
Intercités de jour à réservation obligatoire;NEVERS;87696005;VICHY;87732008;2;Tarif Normal;assise;13.0;25.0
Intercités de jour à réservation obligatoire;MARSEILLE ST CHARLES;87751008;NARBONNE;87781104;2;Tarif Normal;assise;15.0;45.0
Intercités de jour à réservation obligatoire;NIMES;87775007;TOULOUSE MATABIAU;87611004;2;Tarif Normal;assise;19.0;55.0
Intercités de jour à réservation obligatoire;MARSEILLE ST CHARLES;87751008;TOULOUSE MATABIAU;87611004;2;Tarif Normal;assise;19.0;70.0
Intercités de jour à réservation obligatoire;PARIS AUSTERLITZ;87547000;VIERZON VILLE;87576009;2;Tarif Normal;assise;15.0;35.0
Intercités de jour à réservation obligatoire;MONTPELLIER SAINT-ROCH;87773002;MONTAUBAN VILLE BOURBON;87611244;2;Tarif Normal;assise;15.0;45.0
Intercités de jour à réservation obligatoire;PARIS BERCY;87686667;VICHY;87732008;2;Tarif Normal;assise;15.0;57.0
Intercités de jour à réservation obligatoire;MONTPELLIER SAINT-ROCH;87773002;SETE;87773200;2;Tarif Normal;assise;7.0;15.0
Intercités de jour à réservation obligatoire;PARIS GARE DE LYON;87686006;MOULINS SUR ALLIER;87696328;2;Tarif Normal;assise;15.0;52.0
Intercités de jour à réservation obligatoire;MONTPELLIER SUD DE FRANCE;87688887;MONTAUBAN VILLE BOURBON;87611244;2;Tarif Normal;assise;15.0;45.0
Intercités de jour à réservation obligatoire;PARIS GARE DE LYON;87686006;SOUILLAC;87594333;2;Tarif Normal;assise;15.0;76.0
Intercités de jour à réservation obligatoire;MONTPELLIER SUD DE FRANCE;87688887;TOULOUSE MATABIAU;87611004;2;Tarif Normal;assise;19.0;45.0
Intercités de jour à réservation obligatoire;RIOM CHATEL GUYON;87734053;MOULINS SUR ALLIER;87696328;2;Tarif Normal;assise;11.0;21.0
Intercités de jour à réservation obligatoire;NEVERS;87696005;PARIS BERCY;87686667;2;Tarif Normal;assise;15.0;43.0
Intercités de jour à réservation obligatoire;SOUILLAC;87594333;MONTAUBAN VILLE BOURBON;87611244;2;Tarif Normal;assise;13.8;26.5
Intercités de jour à réservation obligatoire;NEVERS;87696005;RIOM CHATEL GUYON;87734053;2;Tarif Normal;assise;14.3;30.0
Intercités de jour à réservation obligatoire;SOUILLAC;87594333;TOULOUSE MATABIAU;87611004;2;Tarif Normal;assise;13.8;34.0
Intercités de jour à réservation obligatoire;NIMES;87775007;MONTPELLIER SUD DE FRANCE;87688887;2;Tarif Normal;assise;7.0;15.0
Intercités de jour à réservation obligatoire;ST GERMAIN DES FOSSES;87732206;VICHY;87732008;2;Tarif Normal;assise;2.2;4.1000000000000005
Intercités de jour à réservation obligatoire;NIMES;87775007;SETE;87773200;2;Tarif Normal;assise;9.0;19.0
Intercités de jour à réservation obligatoire;UZERCHE;87594200;ARGENTON SUR CREUSE;87597120;2;Tarif Normal;assise;10.0;32.0
Intercités de jour à réservation obligatoire;PARIS AUSTERLITZ;87547000;CAHORS;87613000;2;Tarif Normal;assise;15.0;81.0
Intercités de jour à réservation obligatoire;UZERCHE;87594200;MONTAUBAN VILLE BOURBON;87611244;2;Tarif Normal;assise;10.0;37.0
Intercités de jour à réservation obligatoire;PARIS AUSTERLITZ;87547000;MOULINS SUR ALLIER;87696328;2;Tarif Normal;assise;15.0;52.0
Intercités de jour à réservation obligatoire;UZERCHE;87594200;PARIS BERCY;87686667;2;Tarif Normal;assise;15.0;68.0
Intercités de jour à réservation obligatoire;PARIS AUSTERLITZ;87547000;SOUILLAC;87594333;2;Tarif Normal;assise;15.0;76.0
Intercités de jour à réservation obligatoire;VICHY;87732008;MOULINS SUR ALLIER;87696328;2;Tarif Normal;assise;7.2;14.0
Intercités de jour à réservation obligatoire;PARIS BERCY;87686667;ST GERMAIN DES FOSSES;87732206;2;Tarif Normal;assise;15.0;57.0
Intercités de jour à réservation obligatoire;AGEN;87586008;BEZIERS;87781005;1;Tarif Normal;assise;18.0;66.0
Intercités de jour à réservation obligatoire;PARIS BERCY;87686667;TOULOUSE MATABIAU;87611004;2;Tarif Normal;assise;15.0;91.0
Intercités de jour à réservation obligatoire;AGEN;87586008;BORDEAUX ST JEAN;87581009;1;Tarif Normal;assise;14.0;39.0
Intercités de jour à réservation obligatoire;PARIS GARE DE LYON;87686006;TOULOUSE MATABIAU;87611004;2;Tarif Normal;assise;15.0;91.0
Intercités de jour à réservation obligatoire;AGEN;87586008;CARCASSONNE;87615286;1;Tarif Normal;assise;18.0;66.0
Intercités de jour à réservation obligatoire;SAINCAIZE;87696260;VICHY;87732008;2;Tarif Normal;assise;10.0;25.0
Intercités de jour à réservation obligatoire;AGEN;87586008;NIMES;87775007;1;Tarif Normal;assise;23.0;103.0
Intercités de jour à réservation obligatoire;SOUILLAC;87594333;CAHORS;87613000;2;Tarif Normal;assise;8.3;16.0
Intercités de jour à réservation obligatoire;AGEN;87586008;SETE;87773200;1;Tarif Normal;assise;23.0;88.0
Intercités de jour à réservation obligatoire;TOULOUSE MATABIAU;87611004;CAHORS;87613000;2;Tarif Normal;assise;12.700000000000001;24.5
Intercités de jour à réservation obligatoire;ARGENTON SUR CREUSE;87597120;CAHORS;87613000;1;Tarif Normal;assise;19.0;85.0
Intercités de jour à réservation obligatoire;UZERCHE;87594200;GOURDON;87613141;2;Tarif Normal;assise;11.600000000000001;22.5
Intercités de jour à réservation obligatoire;ARGENTON SUR CREUSE;87597120;LA SOUTERRAINE;87592378;1;Tarif Normal;assise;9.200000000000001;24.0
Intercités de jour à réservation obligatoire;UZERCHE;87594200;LES AUBRAIS;87543017;2;Tarif Normal;assise;15.0;56.0
Intercités de jour à réservation obligatoire;ARGENTON SUR CREUSE;87597120;PARIS AUSTERLITZ;87547000;1;Tarif Normal;assise;18.0;69.0
Intercités de jour à réservation obligatoire;UZERCHE;87594200;PARIS AUSTERLITZ;87547000;2;Tarif Normal;assise;15.0;68.0
Intercités de jour à réservation obligatoire;ARLES;87753657;MARSEILLE ST CHARLES;87751008;1;Tarif Normal;assise;11.0;35.0
Intercités de jour à réservation obligatoire;UZERCHE;87594200;PARIS GARE DE LYON;87686006;2;Tarif Normal;assise;15.0;68.0
Intercités de jour à réservation obligatoire;ARLES;87753657;MONTPELLIER SAINT-ROCH;87773002;1;Tarif Normal;assise;11.0;29.0
Intercités de jour à réservation obligatoire;UZERCHE;87594200;SOUILLAC;87594333;2;Tarif Normal;assise;9.700000000000001;18.5
Intercités de jour à réservation obligatoire;ARLES;87753657;MONTPELLIER SUD DE FRANCE;87688887;1;Tarif Normal;assise;11.0;29.0
Intercités de jour à réservation obligatoire;VIERZON VILLE;87576009;CAHORS;87613000;2;Tarif Normal;assise;15.0;63.0
Intercités de jour à réservation obligatoire;ARLES;87753657;NARBONNE;87781104;1;Tarif Normal;assise;15.0;56.0
Intercités de jour à réservation obligatoire;AGEN;87586008;MARMANDE;87586545;1;Tarif Normal;assise;11.0;29.0
Intercités de jour à réservation obligatoire;ARLES;87753657;SETE;87773200;1;Tarif Normal;assise;14.0;39.0
Intercités de jour à réservation obligatoire;AGEN;87586008;MONTPELLIER SAINT-ROCH;87773002;1;Tarif Normal;assise;23.0;88.0
Intercités de jour à réservation obligatoire;ARLES;87753657;TOULOUSE MATABIAU;87611004;1;Tarif Normal;assise;23.0;88.0
Intercités de jour à réservation obligatoire;AGEN;87586008;MONTPELLIER SUD DE FRANCE;87688887;1;Tarif Normal;assise;23.0;88.0
Intercités de jour à réservation obligatoire;BEZIERS;87781005;NARBONNE;87781104;1;Tarif Normal;assise;9.0;25.0
Intercités de jour à réservation obligatoire;ARGENTON SUR CREUSE;87597120;CAUSSADE TARN ET GARONNE;87613356;1;Tarif Normal;assise;19.0;89.0
Intercités de jour à réservation obligatoire;BORDEAUX ST JEAN;87581009;CARCASSONNE;87615286;1;Tarif Normal;assise;23.0;88.0
Intercités de jour à réservation obligatoire;ARGENTON SUR CREUSE;87597120;GOURDON;87613141;1;Tarif Normal;assise;18.0;68.0
Intercités de jour à réservation obligatoire;BORDEAUX ST JEAN;87581009;MARMANDE;87586545;1;Tarif Normal;assise;11.0;29.0
Intercités de jour à réservation obligatoire;ARGENTON SUR CREUSE;87597120;MONTAUBAN VILLE BOURBON;87611244;1;Tarif Normal;assise;19.0;92.0
Intercités de jour à réservation obligatoire;BRIVE LA GAILLARDE;87594002;ARGENTON SUR CREUSE;87597120;1;Tarif Normal;assise;13.0;59.0
Intercités de jour à réservation obligatoire;ARGENTON SUR CREUSE;87597120;PARIS GARE DE LYON;87686006;1;Tarif Normal;assise;18.0;69.0
Intercités de jour à réservation obligatoire;BRIVE LA GAILLARDE;87594002;PARIS GARE DE LYON;87686006;1;Tarif Normal;assise;19.0;108.0
Intercités de jour à réservation obligatoire;BEZIERS;87781005;MARSEILLE ST CHARLES;87751008;1;Tarif Normal;assise;18.0;66.0
Intercités de jour à réservation obligatoire;CARCASSONNE;87615286;NARBONNE;87781104;1;Tarif Normal;assise;9.0;25.0
Intercités de jour à réservation obligatoire;BORDEAUX ST JEAN;87581009;BEZIERS;87781005;1;Tarif Normal;assise;23.0;103.0
Intercités de jour à réservation obligatoire;CAUSSADE TARN ET GARONNE;87613356;PARIS BERCY;87686667;1;Tarif Normal;assise;19.0;118.0
Intercités de jour à réservation obligatoire;BORDEAUX ST JEAN;87581009;SETE;87773200;1;Tarif Normal;assise;23.0;103.0
Intercités de jour à réservation obligatoire;CAUSSADE TARN ET GARONNE;87613356;VIERZON VILLE;87576009;1;Tarif Normal;assise;24.0;102.0
Intercités de jour à réservation obligatoire;BRIVE LA GAILLARDE;87594002;CAUSSADE TARN ET GARONNE;87613356;1;Tarif Normal;assise;16.5;38.0
Intercités de jour à réservation obligatoire;CHATEAUROUX;87597005;LA SOUTERRAINE;87592378;1;Tarif Normal;assise;11.700000000000001;28.5
Intercités de jour à réservation obligatoire;BRIVE LA GAILLARDE;87594002;GOURDON;87613141;1;Tarif Normal;assise;10.200000000000001;25.5
Intercités de jour à réservation obligatoire;CLERMONT FERRAND;87734004;PARIS AUSTERLITZ;87547000;1;Tarif Normal;assise;19.0;98.0
Intercités de jour à réservation obligatoire;BRIVE LA GAILLARDE;87594002;ISSOUDUN;87597062;1;Tarif Normal;assise;18.0;68.0
Intercités de jour à réservation obligatoire;CLERMONT FERRAND;87734004;RIOM CHATEL GUYON;87734053;1;Tarif Normal;assise;4.800000000000001;15.0
Intercités de jour à réservation obligatoire;BRIVE LA GAILLARDE;87594002;MONTAUBAN VILLE BOURBON;87611244;1;Tarif Normal;assise;13.0;52.0
Intercités de jour à réservation obligatoire;CLERMONT FERRAND;87734004;ST GERMAIN DES FOSSES;87732206;1;Tarif Normal;assise;10.8;27.0
Intercités de jour à réservation obligatoire;BRIVE LA GAILLARDE;87594002;PARIS BERCY;87686667;1;Tarif Normal;assise;19.0;108.0
Intercités de jour à réservation obligatoire;GOURDON;87613141;LES AUBRAIS;87543017;1;Tarif Normal;assise;24.0;102.0
Intercités de jour à réservation obligatoire;BRIVE LA GAILLARDE;87594002;TOULOUSE MATABIAU;87611004;1;Tarif Normal;assise;18.0;60.0
Intercités de jour à réservation obligatoire;GOURDON;87613141;MONTAUBAN VILLE BOURBON;87611244;1;Tarif Normal;assise;13.9;33.0
Intercités de jour à réservation obligatoire;BRIVE LA GAILLARDE;87594002;VIERZON VILLE;87576009;1;Tarif Normal;assise;18.0;72.0
Intercités de jour à réservation obligatoire;ISSOUDUN;87597062;ARGENTON SUR CREUSE;87597120;1;Tarif Normal;assise;10.200000000000001;25.5
Intercités de jour à réservation obligatoire;CARCASSONNE;87615286;MARSEILLE ST CHARLES;87751008;1;Tarif Normal;assise;23.0;88.0
Intercités de jour à réservation obligatoire;LA SOUTERRAINE;87592378;MONTAUBAN VILLE BOURBON;87611244;1;Tarif Normal;assise;19.0;86.0
Intercités de jour à réservation obligatoire;CARCASSONNE;87615286;NIMES;87775007;1;Tarif Normal;assise;18.0;66.0
Intercités de jour à réservation obligatoire;LES AUBRAIS;87543017;CAHORS;87613000;1;Tarif Normal;assise;24.0;107.0
Intercités de jour à réservation obligatoire;CAUSSADE TARN ET GARONNE;87613356;CAHORS;87613000;1;Tarif Normal;assise;8.3;22.0
Intercités de jour à réservation obligatoire;LES AUBRAIS;87543017;PARIS AUSTERLITZ;87547000;1;Tarif Normal;assise;15.5;35.0
Intercités de jour à réservation obligatoire;CAUSSADE TARN ET GARONNE;87613356;PARIS AUSTERLITZ;87547000;1;Tarif Normal;assise;19.0;118.0
Intercités de jour à réservation obligatoire;LIMOGES BENEDICTINS;87592006;ARGENTON SUR CREUSE;87597120;1;Tarif Normal;assise;14.4;34.0
Intercités de jour à réservation obligatoire;CHATEAUROUX;87597005;CAUSSADE TARN ET GARONNE;87613356;1;Tarif Normal;assise;19.0;93.0
Intercités de jour à réservation obligatoire;LIMOGES BENEDICTINS;87592006;CHATEAUROUX;87597005;1;Tarif Normal;assise;15.0;38.0
Intercités de jour à réservation obligatoire;CHATEAUROUX;87597005;ISSOUDUN;87597062;1;Tarif Normal;assise;6.7;19.0
Intercités de jour à réservation obligatoire;LIMOGES BENEDICTINS;87592006;LES AUBRAIS;87543017;1;Tarif Normal;assise;18.0;71.0
Intercités de jour à réservation obligatoire;CHATEAUROUX;87597005;MONTAUBAN VILLE BOURBON;87611244;1;Tarif Normal;assise;19.0;96.0
Intercités de jour à réservation obligatoire;LIMOGES BENEDICTINS;87592006;PARIS AUSTERLITZ;87547000;1;Tarif Normal;assise;19.0;98.0
Intercités de jour à réservation obligatoire;CHATEAUROUX;87597005;PARIS AUSTERLITZ;87547000;1;Tarif Normal;assise;18.0;65.0
Intercités de jour à réservation obligatoire;LIMOGES BENEDICTINS;87592006;PARIS BERCY;87686667;1;Tarif Normal;assise;19.0;98.0
Intercités de jour à réservation obligatoire;CHATEAUROUX;87597005;PARIS BERCY;87686667;1;Tarif Normal;assise;18.0;65.0
Intercités de jour à réservation obligatoire;LIMOGES BENEDICTINS;87592006;PARIS GARE DE LYON;87686006;1;Tarif Normal;assise;19.0;98.0
Intercités de jour à réservation obligatoire;CHATEAUROUX;87597005;VIERZON VILLE;87576009;1;Tarif Normal;assise;10.3;26.0
Intercités de jour à réservation obligatoire;LIMOGES BENEDICTINS;87592006;TOULOUSE MATABIAU;87611004;1;Tarif Normal;assise;19.0;87.0
Intercités de jour à réservation obligatoire;CLERMONT FERRAND;87734004;SAINCAIZE;87696260;1;Tarif Normal;assise;13.0;54.0
Intercités de jour à réservation obligatoire;MARSEILLE ST CHARLES;87751008;MARMANDE;87586545;1;Tarif Normal;assise;24.0;128.0
Intercités de jour à réservation obligatoire;CLERMONT FERRAND;87734004;VICHY;87732008;1;Tarif Normal;assise;9.5;24.5
Intercités de jour à réservation obligatoire;MARSEILLE ST CHARLES;87751008;MONTPELLIER SUD DE FRANCE;87688887;1;Tarif Normal;assise;15.0;56.0
Intercités de jour à réservation obligatoire;GOURDON;87613141;CAUSSADE TARN ET GARONNE;87613356;1;Tarif Normal;assise;11.9;29.0
Intercités de jour à réservation obligatoire;MONTAUBAN VILLE BOURBON;87611244;CAHORS;87613000;1;Tarif Normal;assise;10.3;26.0
Intercités de jour à réservation obligatoire;GOURDON;87613141;LA SOUTERRAINE;87592378;1;Tarif Normal;assise;13.0;61.0
Intercités de jour à réservation obligatoire;MONTAUBAN VILLE BOURBON;87611244;TOULOUSE MATABIAU;87611004;1;Tarif Normal;assise;7.0;24.5
Intercités de jour à réservation obligatoire;ISSOUDUN;87597062;LES AUBRAIS;87543017;1;Tarif Normal;assise;15.0;35.0
Intercités de jour à réservation obligatoire;MONTPELLIER SAINT-ROCH;87773002;MARMANDE;87586545;1;Tarif Normal;assise;23.0;103.0
Intercités de jour à réservation obligatoire;ISSOUDUN;87597062;TOULOUSE MATABIAU;87611004;1;Tarif Normal;assise;24.0;107.0
Intercités de jour à réservation obligatoire;MONTPELLIER SAINT-ROCH;87773002;NARBONNE;87781104;1;Tarif Normal;assise;14.0;39.0
Intercités de jour à réservation obligatoire;LA SOUTERRAINE;87592378;PARIS AUSTERLITZ;87547000;1;Tarif Normal;assise;19.0;87.0
Intercités de jour à réservation obligatoire;MONTPELLIER SUD DE FRANCE;87688887;MARMANDE;87586545;1;Tarif Normal;assise;23.0;103.0
Intercités de jour à réservation obligatoire;LA SOUTERRAINE;87592378;PARIS BERCY;87686667;1;Tarif Normal;assise;19.0;87.0
Intercités de jour à réservation obligatoire;MONTPELLIER SUD DE FRANCE;87688887;NARBONNE;87781104;1;Tarif Normal;assise;14.0;39.0
Intercités de jour à réservation obligatoire;LIMOGES BENEDICTINS;87592006;GOURDON;87613141;1;Tarif Normal;assise;13.0;53.0
Intercités de jour à réservation obligatoire;NEVERS;87696005;PARIS AUSTERLITZ;87547000;1;Tarif Normal;assise;18.0;64.0
Intercités de jour à réservation obligatoire;LIMOGES BENEDICTINS;87592006;MONTAUBAN VILLE BOURBON;87611244;1;Tarif Normal;assise;18.0;68.0
Intercités de jour à réservation obligatoire;NIMES;87775007;MONTPELLIER SUD DE FRANCE;87688887;1;Tarif Normal;assise;9.0;25.0
Intercités de jour à réservation obligatoire;MARMANDE;87586545;SETE;87773200;1;Tarif Normal;assise;23.0;98.0
Intercités de jour à réservation obligatoire;PARIS AUSTERLITZ;87547000;CAHORS;87613000;1;Tarif Normal;assise;19.0;114.0
Intercités de jour à réservation obligatoire;MARSEILLE ST CHARLES;87751008;NARBONNE;87781104;1;Tarif Normal;assise;18.0;66.0
Intercités de jour à réservation obligatoire;PARIS AUSTERLITZ;87547000;MOULINS SUR ALLIER;87696328;1;Tarif Normal;assise;19.0;85.0
Intercités de jour à réservation obligatoire;MONTAUBAN VILLE BOURBON;87611244;NARBONNE;87781104;1;Tarif Normal;assise;18.0;66.0
Intercités de jour à réservation obligatoire;PARIS AUSTERLITZ;87547000;RIOM CHATEL GUYON;87734053;1;Tarif Normal;assise;19.0;98.0
Intercités de jour à réservation obligatoire;MONTPELLIER SAINT-ROCH;87773002;SETE;87773200;1;Tarif Normal;assise;9.0;25.0
Intercités de jour à réservation obligatoire;PARIS AUSTERLITZ;87547000;SAINCAIZE;87696260;1;Tarif Normal;assise;18.0;67.0
Intercités de jour à réservation obligatoire;MONTPELLIER SUD DE FRANCE;87688887;MONTAUBAN VILLE BOURBON;87611244;1;Tarif Normal;assise;18.0;66.0
Intercités de jour à réservation obligatoire;PARIS BERCY;87686667;MOULINS SUR ALLIER;87696328;1;Tarif Normal;assise;19.0;85.0
Intercités de jour à réservation obligatoire;MONTPELLIER SUD DE FRANCE;87688887;SETE;87773200;1;Tarif Normal;assise;9.0;25.0
Intercités de jour à réservation obligatoire;PARIS BERCY;87686667;SOUILLAC;87594333;1;Tarif Normal;assise;19.0;109.0
Intercités de jour à réservation obligatoire;NARBONNE;87781104;SETE;87773200;1;Tarif Normal;assise;11.0;29.0
Intercités de jour à réservation obligatoire;PARIS BERCY;87686667;VICHY;87732008;1;Tarif Normal;assise;19.0;90.0
Intercités de jour à réservation obligatoire;NEVERS;87696005;RIOM CHATEL GUYON;87734053;1;Tarif Normal;assise;17.0;51.0
Intercités de jour à réservation obligatoire;PARIS GARE DE LYON;87686006;MOULINS SUR ALLIER;87696328;1;Tarif Normal;assise;19.0;85.0
Intercités de jour à réservation obligatoire;NEVERS;87696005;VICHY;87732008;1;Tarif Normal;assise;15.0;35.0
Intercités de jour à réservation obligatoire;PARIS GARE DE LYON;87686006;SAINCAIZE;87696260;1;Tarif Normal;assise;18.0;67.0
Intercités de jour à réservation obligatoire;NIMES;87775007;MARSEILLE ST CHARLES;87751008;1;Tarif Normal;assise;14.0;39.0
Intercités de jour à réservation obligatoire;RIOM CHATEL GUYON;87734053;MOULINS SUR ALLIER;87696328;1;Tarif Normal;assise;13.0;31.0
Intercités de jour à réservation obligatoire;NIMES;87775007;MONTAUBAN VILLE BOURBON;87611244;1;Tarif Normal;assise;23.0;88.0
Intercités de jour à réservation obligatoire;RIOM CHATEL GUYON;87734053;ST GERMAIN DES FOSSES;87732206;1;Tarif Normal;assise;9.200000000000001;24.0
Intercités de jour à réservation obligatoire;PARIS BERCY;87686667;MONTAUBAN VILLE BOURBON;87611244;1;Tarif Normal;assise;19.0;120.0
Intercités de jour à réservation obligatoire;SAINCAIZE;87696260;VICHY;87732008;1;Tarif Normal;assise;12.0;35.0
Intercités de jour à réservation obligatoire;PARIS BERCY;87686667;RIOM CHATEL GUYON;87734053;1;Tarif Normal;assise;19.0;98.0
Intercités de jour à réservation obligatoire;UZERCHE;87594200;TOULOUSE MATABIAU;87611004;1;Tarif Normal;assise;13.0;66.0
Intercités de jour à réservation obligatoire;PARIS GARE DE LYON;87686006;RIOM CHATEL GUYON;87734053;1;Tarif Normal;assise;19.0;98.0
Intercités de jour à réservation obligatoire;VICHY;87732008;MOULINS SUR ALLIER;87696328;1;Tarif Normal;assise;9.200000000000001;24.0
Intercités de jour à réservation obligatoire;PARIS GARE DE LYON;87686006;VICHY;87732008;1;Tarif Normal;assise;19.0;90.0
Intercités de jour sans réservation obligatoire;ANGERS ST LAUD;87484006;NANTES;87481002;2;Tarif Normal;assise;9.6;17.0
Intercités de jour à réservation obligatoire;RIOM CHATEL GUYON;87734053;VICHY;87732008;1;Tarif Normal;assise;8.3;22.0
Intercités de jour sans réservation obligatoire;ARVANT;87734251;BEDARIEUX;87781609;2;Tarif Normal;assise;15.0;46.0
Intercités de jour à réservation obligatoire;SOUILLAC;87594333;MONTAUBAN VILLE BOURBON;87611244;1;Tarif Normal;assise;15.5;36.0
Intercités de jour sans réservation obligatoire;ARVANT;87734251;CEILHES ROQUEREDONDE;87781542;2;Tarif Normal;assise;10.0;43.0
Intercités de jour à réservation obligatoire;ST GERMAIN DES FOSSES;87732206;VICHY;87732008;1;Tarif Normal;assise;4.2;14.100000000000001
Intercités de jour sans réservation obligatoire;ARVANT;87734251;NIMES;87775007;2;Tarif Normal;assise;10.0;41.0
Intercités de jour à réservation obligatoire;TOULOUSE MATABIAU;87611004;CAHORS;87613000;1;Tarif Normal;assise;14.700000000000001;34.0
Intercités de jour sans réservation obligatoire;AUMONT AUBRAC;87783266;NEUSSARGUES;87645507;2;Tarif Normal;assise;7.9;14.4
Intercités de jour à réservation obligatoire;UZERCHE;87594200;CAUSSADE TARN ET GARONNE;87613356;1;Tarif Normal;assise;13.0;55.0
Intercités de jour sans réservation obligatoire;BANASSAC LA CANOURGUE;87783324;CAMPAGNAC ST GENIEZ;87783340;2;Tarif Normal;assise;2.0;3.5
Intercités de jour à réservation obligatoire;UZERCHE;87594200;LA SOUTERRAINE;87592378;1;Tarif Normal;assise;15.0;35.0
Intercités de jour sans réservation obligatoire;BANASSAC LA CANOURGUE;87783324;NEUSSARGUES;87645507;2;Tarif Normal;assise;10.3;20.5
Intercités de jour à réservation obligatoire;UZERCHE;87594200;LES AUBRAIS;87543017;1;Tarif Normal;assise;19.0;89.0
Intercités de jour sans réservation obligatoire;BANASSAC LA CANOURGUE;87783324;TOURNEMIRE ROQUEFORT;87783456;2;Tarif Normal;assise;8.4;16.0
Intercités de jour à réservation obligatoire;UZERCHE;87594200;VIERZON VILLE;87576009;1;Tarif Normal;assise;18.0;68.0
Intercités de jour sans réservation obligatoire;BAYONNE;87673004;TOULOUSE MATABIAU;87611004;2;Tarif Normal;assise;20.0;51.0
Intercités de jour sans réservation obligatoire;ANGERS ST LAUD;87484006;BOURGES;87576207;2;Tarif Normal;assise;15.0;40.0
Intercités de jour sans réservation obligatoire;BEDARIEUX;87781609;AUMONT AUBRAC;87783266;2;Tarif Normal;assise;10.0;30.0
Intercités de jour sans réservation obligatoire;ARVANT;87734251;ALES;87775288;2;Tarif Normal;assise;10.0;33.0
Intercités de jour sans réservation obligatoire;BEDARIEUX;87781609;LE MONASTIER;87783308;2;Tarif Normal;assise;10.0;27.5
Intercités de jour sans réservation obligatoire;ARVANT;87734251;BEZIERS;87781005;2;Tarif Normal;assise;15.0;53.0
Intercités de jour sans réservation obligatoire;BEDARIEUX;87781609;MAGALAS;87781666;2;Tarif Normal;assise;3.3;6.0
Intercités de jour sans réservation obligatoire;ARVANT;87734251;MARVEJOLS;87783282;2;Tarif Normal;assise;10.0;26.0
Intercités de jour sans réservation obligatoire;BEZIERS;87781005;AUMONT AUBRAC;87783266;2;Tarif Normal;assise;10.0;36.0
Intercités de jour sans réservation obligatoire;ARVANT;87734251;ST FLOUR CHAUDES AIGUES;87783175;2;Tarif Normal;assise;5.5;10.0
Intercités de jour sans réservation obligatoire;BEZIERS;87781005;CAMPAGNAC ST GENIEZ;87783340;2;Tarif Normal;assise;10.0;30.0
Intercités de jour sans réservation obligatoire;ARVANT;87734251;ST GEORGES DE LUZENCON;87783423;2;Tarif Normal;assise;10.0;37.0
Intercités de jour sans réservation obligatoire;BEZIERS;87781005;CLERMONT FERRAND;87734004;2;Tarif Normal;assise;20.0;59.0
Intercités de jour sans réservation obligatoire;ARVANT;87734251;VILLEFORT;87775197;2;Tarif Normal;assise;10.0;27.5
Intercités de jour sans réservation obligatoire;BEZIERS;87781005;ST CHELY D'APCHER;87783241;2;Tarif Normal;assise;10.0;37.0
Intercités de jour sans réservation obligatoire;AUMONT AUBRAC;87783266;BANASSAC LA CANOURGUE;87783324;2;Tarif Normal;assise;4.8;8.8
Intercités de jour sans réservation obligatoire;BEZIERS;87781005;TOURNEMIRE ROQUEFORT;87783456;2;Tarif Normal;assise;9.5;18.0
Intercités de jour sans réservation obligatoire;AUMONT AUBRAC;87783266;LE MONASTIER;87783308;2;Tarif Normal;assise;4.0;5.6000000000000005
Intercités de jour sans réservation obligatoire;BORDEAUX ST JEAN;87581009;CLISSON;87481440;2;Tarif Normal;assise;19.0;57.0
Intercités de jour sans réservation obligatoire;AUMONT AUBRAC;87783266;MARVEJOLS;87783282;2;Tarif Normal;assise;3.1;5.6000000000000005
Intercités de jour sans réservation obligatoire;BORDEAUX ST JEAN;87581009;LA ROCHELLE VILLE;87485003;2;Tarif Normal;assise;10.0;33.0
Intercités de jour sans réservation obligatoire;AUMONT AUBRAC;87783266;ST GEORGES DE LUZENCON;87783423;2;Tarif Normal;assise;10.3;20.5
Intercités de jour sans réservation obligatoire;BORDEAUX ST JEAN;87581009;SAINTES;87491001;2;Tarif Normal;assise;10.0;23.5
Intercités de jour sans réservation obligatoire;BANASSAC LA CANOURGUE;87783324;LE MONASTIER;87783308;2;Tarif Normal;assise;2.0;3.9000000000000004
Intercités de jour sans réservation obligatoire;BOURGES;87576207;NEVERS;87696005;2;Tarif Normal;assise;8.0;14.5
Intercités de jour sans réservation obligatoire;BEDARIEUX;87781609;ST CHELY D'APCHER;87783241;2;Tarif Normal;assise;10.0;32.0
Intercités de jour sans réservation obligatoire;BOURGES;87576207;SAINCAIZE;87696260;2;Tarif Normal;assise;6.9;12.5
Intercités de jour sans réservation obligatoire;BEDARIEUX;87781609;ST GEORGES DE LUZENCON;87783423;2;Tarif Normal;assise;7.6;13.8
Intercités de jour sans réservation obligatoire;BOURGES;87576207;VIERZON VILLE;87576009;2;Tarif Normal;assise;4.0;7.800000000000001
Intercités de jour sans réservation obligatoire;BEZIERS;87781005;MILLAU;87783001;2;Tarif Normal;assise;10.0;22.5
Intercités de jour sans réservation obligatoire;BRASSAC LES MINES STE FLORINE;87734244;LE MONASTIER;87783308;2;Tarif Normal;assise;10.0;27.0
Intercités de jour sans réservation obligatoire;BEZIERS;87781005;ST FLOUR CHAUDES AIGUES;87783175;2;Tarif Normal;assise;10.0;43.0
Intercités de jour sans réservation obligatoire;BRASSAC LES MINES STE FLORINE;87734244;MASSIAC BLESLE;87734871;2;Tarif Normal;assise;4.1;7.4
Intercités de jour sans réservation obligatoire;BEZIERS;87781005;ST GEORGES DE LUZENCON;87783423;2;Tarif Normal;assise;10.4;20.5
Intercités de jour sans réservation obligatoire;BRASSAC LES MINES STE FLORINE;87734244;ST CHELY D'APCHER;87783241;2;Tarif Normal;assise;10.0;22.0
Intercités de jour sans réservation obligatoire;BEZIERS;87781005;ST ROME DE CERNON;87783431;2;Tarif Normal;assise;9.8;19.0
Intercités de jour sans réservation obligatoire;CEILHES ROQUEREDONDE;87781542;LE MONASTIER;87783308;2;Tarif Normal;assise;10.0;23.5
Intercités de jour sans réservation obligatoire;BIARRITZ;87673400;LOURDES;87671339;2;Tarif Normal;assise;10.0;29.0
Intercités de jour sans réservation obligatoire;CEILHES ROQUEREDONDE;87781542;ST CHELY D'APCHER;87783241;2;Tarif Normal;assise;10.0;29.0
Intercités de jour sans réservation obligatoire;BORDEAUX ST JEAN;87581009;ROCHEFORT;87485144;2;Tarif Normal;assise;10.0;30.0
Intercités de jour sans réservation obligatoire;CLERMONT FERRAND;87734004;CEILHES ROQUEREDONDE;87781542;2;Tarif Normal;assise;15.0;51.0
Intercités de jour sans réservation obligatoire;BOURGES;87576207;LYON PERRACHE;87722025;2;Tarif Normal;assise;15.0;50.0
Intercités de jour sans réservation obligatoire;CLERMONT FERRAND;87734004;LE MONASTIER;87783308;2;Tarif Normal;assise;10.0;34.0
Intercités de jour sans réservation obligatoire;BOURGES;87576207;ST GERMAIN DES FOSSES;87732206;2;Tarif Normal;assise;10.0;30.0
Intercités de jour sans réservation obligatoire;CLERMONT FERRAND;87734004;LYON PART DIEU;87723197;2;Tarif Normal;assise;15.0;41.0
Intercités de jour sans réservation obligatoire;BRASSAC LES MINES STE FLORINE;87734244;MARVEJOLS;87783282;2;Tarif Normal;assise;10.0;27.0
Intercités de jour sans réservation obligatoire;CLERMONT FERRAND;87734004;MILLAU;87783001;2;Tarif Normal;assise;15.0;44.0
Intercités de jour sans réservation obligatoire;BRASSAC LES MINES STE FLORINE;87734244;NEUSSARGUES;87645507;2;Tarif Normal;assise;6.7;12.3
Intercités de jour sans réservation obligatoire;CLERMONT FERRAND;87734004;NEUSSARGUES;87645507;2;Tarif Normal;assise;10.0;21.5
Intercités de jour sans réservation obligatoire;CAMPAGNAC ST GENIEZ;87783340;TOURNEMIRE ROQUEFORT;87783456;2;Tarif Normal;assise;8.0;14.5
Intercités de jour sans réservation obligatoire;CLERMONT FERRAND;87734004;ST CHELY D'APCHER;87783241;2;Tarif Normal;assise;10.0;30.0
Intercités de jour sans réservation obligatoire;CEILHES ROQUEREDONDE;87781542;MILLAU;87783001;2;Tarif Normal;assise;6.0;10.8
Intercités de jour sans réservation obligatoire;CLISSON;87481440;SAINTES;87491001;2;Tarif Normal;assise;13.0;41.0
Intercités de jour sans réservation obligatoire;CLERMONT FERRAND;87734004;BRASSAC LES MINES STE FLORINE;87734244;2;Tarif Normal;assise;6.6;11.9
Intercités de jour sans réservation obligatoire;COARRAZE NAY;87672139;LANNEMEZAN;87671123;2;Tarif Normal;assise;7.4;15.5
Intercités de jour sans réservation obligatoire;CLERMONT FERRAND;87734004;CAMPAGNAC ST GENIEZ;87783340;2;Tarif Normal;assise;10.0;38.0
Intercités de jour sans réservation obligatoire;COARRAZE NAY;87672139;LOURDES;87671339;2;Tarif Normal;assise;3.1;5.6000000000000005
Intercités de jour sans réservation obligatoire;CLERMONT FERRAND;87734004;RIOM CHATEL GUYON;87734053;2;Tarif Normal;assise;2.0;3.9000000000000004
Intercités de jour sans réservation obligatoire;COARRAZE NAY;87672139;ORTHEZ;87672253;2;Tarif Normal;assise;7.0;12.700000000000001
Intercités de jour sans réservation obligatoire;CLERMONT FERRAND;87734004;ST FLOUR CHAUDES AIGUES;87783175;2;Tarif Normal;assise;10.0;24.5
Intercités de jour sans réservation obligatoire;CULMONT CHALINDREY;87142125;CHALON SUR SAONE;87725002;2;Tarif Normal;assise;9.0;37.0
Intercités de jour sans réservation obligatoire;CLERMONT FERRAND;87734004;TARARE;87721472;2;Tarif Normal;assise;15.0;32.0
Intercités de jour sans réservation obligatoire;CULMONT CHALINDREY;87142125;LYON PART DIEU;87723197;2;Tarif Normal;assise;15.0;51.0
Intercités de jour sans réservation obligatoire;CLISSON;87481440;ROCHEFORT;87485144;2;Tarif Normal;assise;11.0;34.0
Intercités de jour sans réservation obligatoire;DIJON VILLE;87713040;NANCY;87141002;2;Tarif Normal;assise;15.0;41.0
Intercités de jour sans réservation obligatoire;COARRAZE NAY;87672139;MONTREJEAU GOURDAN POLIGNAN;87611152;2;Tarif Normal;assise;8.7;18.5
Intercités de jour sans réservation obligatoire;HENDAYE;87677005;BIARRITZ;87673400;2;Tarif Normal;assise;3.6;6.4
Intercités de jour sans réservation obligatoire;COARRAZE NAY;87672139;TARBES;87671008;2;Tarif Normal;assise;5.4;9.9
Intercités de jour sans réservation obligatoire;HENDAYE;87677005;ST GAUDENS;87611137;2;Tarif Normal;assise;10.0;44.0
Intercités de jour sans réservation obligatoire;CULMONT CHALINDREY;87142125;TOUL;87141044;2;Tarif Normal;assise;9.0;26.5
Intercités de jour sans réservation obligatoire;HENDAYE;87677005;ST JEAN DE LUZ CIBOURE;87677120;2;Tarif Normal;assise;2.0;3.5
Intercités de jour sans réservation obligatoire;DIJON VILLE;87713040;LYON PERRACHE;87722025;2;Tarif Normal;assise;9.0;37.0
Intercités de jour sans réservation obligatoire;ISSOIRE;87734202;ARVANT;87734251;2;Tarif Normal;assise;6.2;11.200000000000001
Intercités de jour sans réservation obligatoire;HENDAYE;87677005;BAYONNE;87673004;2;Tarif Normal;assise;4.8;8.700000000000001
Intercités de jour sans réservation obligatoire;ISSOIRE;87734202;LE BOUSQUET D'ORB;87781583;2;Tarif Normal;assise;15.0;49.0
Intercités de jour sans réservation obligatoire;HENDAYE;87677005;ORTHEZ;87672253;2;Tarif Normal;assise;9.0;19.0
Intercités de jour sans réservation obligatoire;ISSOIRE;87734202;ST FLOUR CHAUDES AIGUES;87783175;2;Tarif Normal;assise;10.0;21.5
Intercités de jour sans réservation obligatoire;ISSOIRE;87734202;MASSIAC BLESLE;87734871;2;Tarif Normal;assise;6.2;11.200000000000001
Intercités de jour sans réservation obligatoire;ISSOIRE;87734202;ST ROME DE CERNON;87783431;2;Tarif Normal;assise;10.0;42.0
Intercités de jour sans réservation obligatoire;ISSOIRE;87734202;NEUSSARGUES;87645507;2;Tarif Normal;assise;8.5;15.0
Intercités de jour sans réservation obligatoire;ISSOIRE;87734202;TOURNEMIRE ROQUEFORT;87783456;2;Tarif Normal;assise;10.0;43.0
Intercités de jour sans réservation obligatoire;ISSOIRE;87734202;ST GEORGES DE LUZENCON;87783423;2;Tarif Normal;assise;10.0;41.0
Intercités de jour sans réservation obligatoire;JONZAC;87491142;SAINTES;87491001;2;Tarif Normal;assise;9.4;9.8
Intercités de jour sans réservation obligatoire;JONZAC;87491142;LA ROCHELLE VILLE;87485003;2;Tarif Normal;assise;11.4;22.5
Intercités de jour sans réservation obligatoire;LA ROCHELLE VILLE;87485003;CLISSON;87481440;2;Tarif Normal;assise;10.0;31.0
Intercités de jour sans réservation obligatoire;JONZAC;87491142;LES SABLES D'OLONNE;87486449;2;Tarif Normal;assise;15.0;47.0
Intercités de jour sans réservation obligatoire;LE BOUSQUET D'ORB;87781583;BEDARIEUX;87781609;2;Tarif Normal;assise;1.8;3.2
Intercités de jour sans réservation obligatoire;LA ROCHELLE VILLE;87485003;LES SABLES D'OLONNE;87486449;2;Tarif Normal;assise;10.0;31.0
Intercités de jour sans réservation obligatoire;LE BOUSQUET D'ORB;87781583;LE MONASTIER;87783308;2;Tarif Normal;assise;10.0;25.5
Intercités de jour sans réservation obligatoire;LA ROCHELLE VILLE;87485003;NANTES;87481002;2;Tarif Normal;assise;10.0;31.0
Intercités de jour sans réservation obligatoire;LE BOUSQUET D'ORB;87781583;ST FLOUR CHAUDES AIGUES;87783175;2;Tarif Normal;assise;10.0;35.0
Intercités de jour sans réservation obligatoire;LANNEMEZAN;87671123;TARBES;87671008;2;Tarif Normal;assise;4.8;8.8
Intercités de jour sans réservation obligatoire;LE BOUSQUET D'ORB;87781583;ST ROME DE CERNON;87783431;2;Tarif Normal;assise;5.8;10.5
Intercités de jour sans réservation obligatoire;LOURDES;87671339;BAYONNE;87673004;2;Tarif Normal;assise;10.0;26.5
Intercités de jour sans réservation obligatoire;LE BOUSQUET D'ORB;87781583;TOURNEMIRE ROQUEFORT;87783456;2;Tarif Normal;assise;5.1;9.3
Intercités de jour sans réservation obligatoire;LUCON;87486258;LA ROCHELLE VILLE;87485003;2;Tarif Normal;assise;7.8;14.100000000000001
Intercités de jour sans réservation obligatoire;LE MONASTIER;87783308;NEUSSARGUES;87645507;2;Tarif Normal;assise;10.0;17.5
Intercités de jour sans réservation obligatoire;LUCON;87486258;SAINTES;87491001;2;Tarif Normal;assise;10.0;26.0
Intercités de jour sans réservation obligatoire;LOURDES;87671339;TARBES;87671008;2;Tarif Normal;assise;2.9;5.2
Intercités de jour sans réservation obligatoire;LYON PART DIEU;87723197;LYON PERRACHE;87722025;2;Tarif Normal;assise;3.8;4.2
Intercités de jour sans réservation obligatoire;LYON PART DIEU;87723197;NANTES;87481002;2;Tarif Normal;assise;25.0;86.0
Intercités de jour sans réservation obligatoire;LYON PART DIEU;87723197;ROANNE;87726802;2;Tarif Normal;assise;10.1;18.5
Intercités de jour sans réservation obligatoire;LYON PART DIEU;87723197;NEVERS;87696005;2;Tarif Normal;assise;10.0;43.0
Intercités de jour sans réservation obligatoire;LYON PART DIEU;87723197;ST GERMAIN DES FOSSES;87732206;2;Tarif Normal;assise;10.0;30.0
Intercités de jour sans réservation obligatoire;LYON PART DIEU;87723197;RIOM CHATEL GUYON;87734053;2;Tarif Normal;assise;15.0;38.0
Intercités de jour sans réservation obligatoire;LYON PART DIEU;87723197;VICHY;87732008;2;Tarif Normal;assise;15.0;32.0
Intercités de jour sans réservation obligatoire;LYON PART DIEU;87723197;TOUL;87141044;2;Tarif Normal;assise;15.0;62.0
Intercités de jour sans réservation obligatoire;LYON PERRACHE;87722025;TOUL;87141044;2;Tarif Normal;assise;15.0;62.0
Intercités de jour sans réservation obligatoire;LYON PERRACHE;87722025;NANTES;87481002;2;Tarif Normal;assise;25.0;86.0
Intercités de jour sans réservation obligatoire;LYON PERRACHE;87722025;VICHY;87732008;2;Tarif Normal;assise;15.0;32.0
Intercités de jour sans réservation obligatoire;MACON VILLE;87725689;CHALON SUR SAONE;87725002;2;Tarif Normal;assise;5.0;15.5
Intercités de jour sans réservation obligatoire;LYON VAISE;87721001;ST PIERRE DES CORPS;87571240;2;Tarif Normal;assise;15.0;68.0
Intercités de jour sans réservation obligatoire;MAGALAS;87781666;ST CHELY D'APCHER;87783241;2;Tarif Normal;assise;10.0;35.0
Intercités de jour sans réservation obligatoire;MACON VILLE;87725689;LYON PERRACHE;87722025;2;Tarif Normal;assise;9.0;26.5
Intercités de jour sans réservation obligatoire;MARVEJOLS;87783282;ST GEORGES DE LUZENCON;87783423;2;Tarif Normal;assise;8.5;16.5
Intercités de jour sans réservation obligatoire;MACON VILLE;87725689;TOUL;87141044;2;Tarif Normal;assise;15.0;58.0
Intercités de jour sans réservation obligatoire;MASSIAC BLESLE;87734871;BEDARIEUX;87781609;2;Tarif Normal;assise;10.0;43.0
Intercités de jour sans réservation obligatoire;MAGALAS;87781666;BANASSAC LA CANOURGUE;87783324;2;Tarif Normal;assise;10.0;29.0
Intercités de jour sans réservation obligatoire;MASSIAC BLESLE;87734871;CAMPAGNAC ST GENIEZ;87783340;2;Tarif Normal;assise;10.0;26.5
Intercités de jour sans réservation obligatoire;MARVEJOLS;87783282;LE MONASTIER;87783308;2;Tarif Normal;assise;2.0;2.3000000000000003
Intercités de jour sans réservation obligatoire;MASSIAC BLESLE;87734871;LE MONASTIER;87783308;2;Tarif Normal;assise;10.0;22.5
Intercités de jour sans réservation obligatoire;MARVEJOLS;87783282;NEUSSARGUES;87645507;2;Tarif Normal;assise;9.0;17.5
Intercités de jour sans réservation obligatoire;MASSIAC BLESLE;87734871;MILLAU;87783001;2;Tarif Normal;assise;10.0;32.0
Intercités de jour sans réservation obligatoire;MASSIAC BLESLE;87734871;BANASSAC LA CANOURGUE;87783324;2;Tarif Normal;assise;10.0;25.0
Intercités de jour sans réservation obligatoire;MASSIAC BLESLE;87734871;NEUSSARGUES;87645507;2;Tarif Normal;assise;3.6;6.4
Intercités de jour sans réservation obligatoire;MASSIAC BLESLE;87734871;LE BOUSQUET D'ORB;87781583;2;Tarif Normal;assise;10.0;42.0
Intercités de jour sans réservation obligatoire;MOULINS SUR ALLIER;87696328;ST PIERRE DES CORPS;87571240;2;Tarif Normal;assise;15.0;40.0
Intercités de jour sans réservation obligatoire;MASSIAC BLESLE;87734871;MAGALAS;87781666;2;Tarif Normal;assise;15.0;46.0
Intercités de jour sans réservation obligatoire;MOULINS SUR ALLIER;87696328;VIERZON VILLE;87576009;2;Tarif Normal;assise;13.2;26.0
Intercités de jour sans réservation obligatoire;MASSIAC BLESLE;87734871;MARVEJOLS;87783282;2;Tarif Normal;assise;10.0;22.5
Intercités de jour sans réservation obligatoire;NANCY;87141002;LYON PART DIEU;87723197;2;Tarif Normal;assise;15.0;62.0
Intercités de jour sans réservation obligatoire;MASSIAC BLESLE;87734871;ST CHELY D'APCHER;87783241;2;Tarif Normal;assise;8.5;16.5
Intercités de jour sans réservation obligatoire;NANCY;87141002;TOUL;87141044;2;Tarif Normal;assise;5.0;15.5
Intercités de jour sans réservation obligatoire;MASSIAC BLESLE;87734871;TOURNEMIRE ROQUEFORT;87783456;2;Tarif Normal;assise;10.0;36.0
Intercités de jour sans réservation obligatoire;NANTES;87481002;ROANNE;87726802;2;Tarif Normal;assise;25.0;75.0
Intercités de jour sans réservation obligatoire;NANCY;87141002;LYON PERRACHE;87722025;2;Tarif Normal;assise;15.0;62.0
Intercités de jour sans réservation obligatoire;NEUSSARGUES;87645507;ST FLOUR CHAUDES AIGUES;87783175;2;Tarif Normal;assise;2.6;4.6000000000000005
Intercités de jour sans réservation obligatoire;NANCY;87141002;NEUFCHATEAU;87141291;2;Tarif Normal;assise;9.0;26.5
Intercités de jour sans réservation obligatoire;ORTHEZ;87672253;ST JEAN DE LUZ CIBOURE;87677120;2;Tarif Normal;assise;8.8;17.0
Intercités de jour sans réservation obligatoire;NANTES;87481002;NEVERS;87696005;2;Tarif Normal;assise;20.0;60.0
Intercités de jour sans réservation obligatoire;ORTHEZ;87672253;TOULOUSE MATABIAU;87611004;2;Tarif Normal;assise;10.0;43.0
Intercités de jour sans réservation obligatoire;NANTES;87481002;SAINTES;87491001;2;Tarif Normal;assise;13.0;41.0
Intercités de jour sans réservation obligatoire;PAU;87672006;BAYONNE;87673004;2;Tarif Normal;assise;10.0;20.5
Intercités de jour sans réservation obligatoire;NEUFCHATEAU;87141291;TOUL;87141044;2;Tarif Normal;assise;5.0;15.5
Intercités de jour sans réservation obligatoire;ROCHEFORT;87485144;SAINTES;87491001;2;Tarif Normal;assise;9.5;9.9
Intercités de jour sans réservation obligatoire;NEVERS;87696005;ST PIERRE DES CORPS;87571240;2;Tarif Normal;assise;10.0;35.0
Intercités de jour sans réservation obligatoire;SAINCAIZE;87696260;VIERZON VILLE;87576009;2;Tarif Normal;assise;9.8;17.5
Intercités de jour sans réservation obligatoire;ORTHEZ;87672253;LANNEMEZAN;87671123;2;Tarif Normal;assise;11.8;25.5
Intercités de jour sans réservation obligatoire;SAUMUR;87487603;BOURGES;87576207;2;Tarif Normal;assise;10.0;35.0
Intercités de jour sans réservation obligatoire;PAU;87672006;COARRAZE NAY;87672139;2;Tarif Normal;assise;2.4;4.4
Intercités de jour sans réservation obligatoire;SAUMUR;87487603;LYON VAISE;87721001;2;Tarif Normal;assise;20.0;72.0
Intercités de jour sans réservation obligatoire;PAU;87672006;HENDAYE;87677005;2;Tarif Normal;assise;10.0;26.5
Intercités de jour sans réservation obligatoire;SAUMUR;87487603;NANTES;87481002;2;Tarif Normal;assise;10.0;24.5
Intercités de jour sans réservation obligatoire;PAU;87672006;LANNEMEZAN;87671123;2;Tarif Normal;assise;8.7;18.5
Intercités de jour sans réservation obligatoire;SAUMUR;87487603;TOURS;87571000;2;Tarif Normal;assise;12.3;13.5
Intercités de jour sans réservation obligatoire;PAU;87672006;ST JEAN DE LUZ CIBOURE;87677120;2;Tarif Normal;assise;10.0;24.5
Intercités de jour sans réservation obligatoire;SEVERAC-LE-CHATEAU;87783365;MAGALAS;87781666;2;Tarif Normal;assise;10.0;24.5
Intercités de jour sans réservation obligatoire;RIOM CHATEL GUYON;87734053;ROANNE;87726802;2;Tarif Normal;assise;11.0;24.0
Intercités de jour sans réservation obligatoire;SEVERAC-LE-CHATEAU;87783365;ST FLOUR CHAUDES AIGUES;87783175;2;Tarif Normal;assise;10.0;22.0
Intercités de jour sans réservation obligatoire;SAUMUR;87487603;LYON PART DIEU;87723197;2;Tarif Normal;assise;20.0;72.0
Intercités de jour sans réservation obligatoire;ST CHELY D'APCHER;87783241;LE MONASTIER;87783308;2;Tarif Normal;assise;5.0;8.1
Intercités de jour sans réservation obligatoire;SAUMUR;87487603;LYON PERRACHE;87722025;2;Tarif Normal;assise;20.0;72.0
Intercités de jour sans réservation obligatoire;ST CHELY D'APCHER;87783241;MARVEJOLS;87783282;2;Tarif Normal;assise;4.5;8.1
Intercités de jour sans réservation obligatoire;SAUMUR;87487603;MOULINS SUR ALLIER;87696328;2;Tarif Normal;assise;15.0;50.0
Intercités de jour sans réservation obligatoire;ST CHELY D'APCHER;87783241;MILLAU;87783001;2;Tarif Normal;assise;10.3;20.5
Intercités de jour sans réservation obligatoire;SAUMUR;87487603;ST PIERRE DES CORPS;87571240;2;Tarif Normal;assise;12.3;13.5
Intercités de jour sans réservation obligatoire;ST CHELY D'APCHER;87783241;NEUSSARGUES;87645507;2;Tarif Normal;assise;6.8;12.4
Intercités de jour sans réservation obligatoire;SEVERAC-LE-CHATEAU;87783365;BANASSAC LA CANOURGUE;87783324;2;Tarif Normal;assise;3.7;6.6000000000000005
Intercités de jour sans réservation obligatoire;ST CHELY D'APCHER;87783241;ST GEORGES DE LUZENCON;87783423;2;Tarif Normal;assise;10.0;22.5
Intercités de jour sans réservation obligatoire;SEVERAC-LE-CHATEAU;87783365;ISSOIRE;87734202;2;Tarif Normal;assise;10.0;33.0
Intercités de jour sans réservation obligatoire;ST CHELY D'APCHER;87783241;ST ROME DE CERNON;87783431;2;Tarif Normal;assise;10.0;23.5
Intercités de jour sans réservation obligatoire;SEVERAC-LE-CHATEAU;87783365;LE BOUSQUET D'ORB;87781583;2;Tarif Normal;assise;9.5;18.0
Intercités de jour sans réservation obligatoire;ST FLOUR CHAUDES AIGUES;87783175;AUMONT AUBRAC;87783266;2;Tarif Normal;assise;6.0;10.8
Intercités de jour sans réservation obligatoire;SEVERAC-LE-CHATEAU;87783365;NEUSSARGUES;87645507;2;Tarif Normal;assise;10.0;25.0
Intercités de jour sans réservation obligatoire;ST FLOUR CHAUDES AIGUES;87783175;MARVEJOLS;87783282;2;Tarif Normal;assise;8.1;14.8
Intercités de jour sans réservation obligatoire;SEVERAC-LE-CHATEAU;87783365;ST CHELY D'APCHER;87783241;2;Tarif Normal;assise;8.5;15.0
Intercités de jour sans réservation obligatoire;ST GAUDENS;87611137;ORTHEZ;87672253;2;Tarif Normal;assise;14.1;30.0
Intercités de jour sans réservation obligatoire;ST CHELY D'APCHER;87783241;AUMONT AUBRAC;87783266;2;Tarif Normal;assise;1.8;3.2
Intercités de jour sans réservation obligatoire;ST GERMAIN DES FOSSES;87732206;MOULINS SUR ALLIER;87696328;2;Tarif Normal;assise;5.3;9.5
Intercités de jour sans réservation obligatoire;ST FLOUR CHAUDES AIGUES;87783175;TOURNEMIRE ROQUEFORT;87783456;2;Tarif Normal;assise;10.0;30.0
Intercités de jour sans réservation obligatoire;ST GERMAIN DES FOSSES;87732206;VIERZON VILLE;87576009;2;Tarif Normal;assise;10.0;31.0
Intercités de jour sans réservation obligatoire;ST GEORGES DE LUZENCON;87783423;MILLAU;87783001;2;Tarif Normal;assise;1.8;3.2
Intercités de jour sans réservation obligatoire;ST PIERRE DES CORPS;87571240;VIERZON VILLE;87576009;2;Tarif Normal;assise;11.9;21.5
Intercités de jour sans réservation obligatoire;ST GEORGES DE LUZENCON;87783423;ST ROME DE CERNON;87783431;2;Tarif Normal;assise;1.4;2.3000000000000003
Intercités de jour sans réservation obligatoire;ST ROME DE CERNON;87783431;MILLAU;87783001;2;Tarif Normal;assise;2.6;4.6000000000000005
Intercités de jour sans réservation obligatoire;ST GERMAIN DES FOSSES;87732206;SAINCAIZE;87696260;2;Tarif Normal;assise;9.8;17.5
Intercités de jour sans réservation obligatoire;TARBES;87671008;TOULOUSE MATABIAU;87611004;2;Tarif Normal;assise;10.0;29.5
Intercités de jour sans réservation obligatoire;TARARE;87721472;LYON PERRACHE;87722025;2;Tarif Normal;assise;6.0;12.4
Intercités de jour sans réservation obligatoire;TOURNEMIRE ROQUEFORT;87783456;MILLAU;87783001;2;Tarif Normal;assise;3.5;6.2
Intercités de jour sans réservation obligatoire;TARARE;87721472;RIOM CHATEL GUYON;87734053;2;Tarif Normal;assise;15.0;30.0
Intercités de jour sans réservation obligatoire;TOURNEMIRE ROQUEFORT;87783456;NEUSSARGUES;87645507;2;Tarif Normal;assise;10.0;32.0
Intercités de jour sans réservation obligatoire;TARARE;87721472;ROANNE;87726802;2;Tarif Normal;assise;5.0;10.100000000000001
Intercités de jour sans réservation obligatoire;ANGERS ST LAUD;87484006;BOURGES;87576207;1;Tarif Normal;assise;18.0;55.0
Intercités de jour sans réservation obligatoire;TOURS;87571000;ST PIERRE DES CORPS;87571240;2;Tarif Normal;assise;0.9;1.5
Intercités de jour sans réservation obligatoire;ANGERS ST LAUD;87484006;LYON VAISE;87721001;1;Tarif Normal;assise;20.0;114.0
Intercités de jour sans réservation obligatoire;ANGERS ST LAUD;87484006;MOULINS SUR ALLIER;87696328;1;Tarif Normal;assise;24.0;80.0
Intercités de jour sans réservation obligatoire;ANGERS ST LAUD;87484006;NANTES;87481002;1;Tarif Normal;assise;11.600000000000001;24.0
Intercités de jour sans réservation obligatoire;ANGERS ST LAUD;87484006;NEVERS;87696005;1;Tarif Normal;assise;19.0;76.0
Intercités de jour sans réservation obligatoire;ANGERS ST LAUD;87484006;ST PIERRE DES CORPS;87571240;1;Tarif Normal;assise;13.4;27.5
Intercités de jour sans réservation obligatoire;ANGERS ST LAUD;87484006;SAUMUR;87487603;1;Tarif Normal;assise;11.100000000000001;17.0
Intercités de jour sans réservation obligatoire;ARVANT;87734251;AUMONT AUBRAC;87783266;1;Tarif Normal;assise;11.3;25.0
Intercités de jour sans réservation obligatoire;ANGERS ST LAUD;87484006;TOURS;87571000;1;Tarif Normal;assise;13.4;27.5
Intercités de jour sans réservation obligatoire;ARVANT;87734251;BRASSAC LES MINES STE FLORINE;87734244;1;Tarif Normal;assise;8.200000000000001;18.0
Intercités de jour sans réservation obligatoire;ANGERS ST LAUD;87484006;VIERZON VILLE;87576009;1;Tarif Normal;assise;13.0;51.0
Intercités de jour sans réservation obligatoire;ARVANT;87734251;CAMPAGNAC ST GENIEZ;87783340;1;Tarif Normal;assise;13.0;45.0
Intercités de jour sans réservation obligatoire;ARVANT;87734251;BEDARIEUX;87781609;1;Tarif Normal;assise;18.0;61.0
Intercités de jour sans réservation obligatoire;ARVANT;87734251;VILLEFORT;87775197;1;Tarif Normal;assise;12.0;34.0
Intercités de jour sans réservation obligatoire;ARVANT;87734251;LE MONASTIER;87783308;1;Tarif Normal;assise;12.0;33.0
Intercités de jour sans réservation obligatoire;BEDARIEUX;87781609;BANASSAC LA CANOURGUE;87783324;1;Tarif Normal;assise;12.0;32.0
Intercités de jour sans réservation obligatoire;ARVANT;87734251;MARVEJOLS;87783282;1;Tarif Normal;assise;12.0;33.0
Intercités de jour sans réservation obligatoire;BEDARIEUX;87781609;MAGALAS;87781666;1;Tarif Normal;assise;5.300000000000001;13.0
Intercités de jour sans réservation obligatoire;ARVANT;87734251;NIMES;87775007;1;Tarif Normal;assise;13.0;56.0
Intercités de jour sans réservation obligatoire;BEDARIEUX;87781609;MARVEJOLS;87783282;1;Tarif Normal;assise;12.0;34.0
Intercités de jour sans réservation obligatoire;ARVANT;87734251;SEVERAC-LE-CHATEAU;87783365;1;Tarif Normal;assise;13.0;47.0
Intercités de jour sans réservation obligatoire;BEDARIEUX;87781609;TOURNEMIRE ROQUEFORT;87783456;1;Tarif Normal;assise;8.200000000000001;18.0
Intercités de jour sans réservation obligatoire;ARVANT;87734251;ST FLOUR CHAUDES AIGUES;87783175;1;Tarif Normal;assise;7.5;17.0
Intercités de jour sans réservation obligatoire;BEZIERS;87781005;CAMPAGNAC ST GENIEZ;87783340;1;Tarif Normal;assise;13.0;45.0
Intercités de jour sans réservation obligatoire;AUMONT AUBRAC;87783266;BANASSAC LA CANOURGUE;87783324;1;Tarif Normal;assise;6.800000000000001;15.5
Intercités de jour sans réservation obligatoire;BEZIERS;87781005;CLERMONT FERRAND;87734004;1;Tarif Normal;assise;24.0;84.0
Intercités de jour sans réservation obligatoire;AUMONT AUBRAC;87783266;LE MONASTIER;87783308;1;Tarif Normal;assise;6.0;12.600000000000001
Intercités de jour sans réservation obligatoire;BEZIERS;87781005;LE BOUSQUET D'ORB;87781583;1;Tarif Normal;assise;8.4;18.5
Intercités de jour sans réservation obligatoire;AUMONT AUBRAC;87783266;ST GEORGES DE LUZENCON;87783423;1;Tarif Normal;assise;12.3;27.5
Intercités de jour sans réservation obligatoire;BEZIERS;87781005;MILLAU;87783001;1;Tarif Normal;assise;12.0;29.5
Intercités de jour sans réservation obligatoire;BANASSAC LA CANOURGUE;87783324;CAMPAGNAC ST GENIEZ;87783340;1;Tarif Normal;assise;4.0;10.5
Intercités de jour sans réservation obligatoire;BEZIERS;87781005;ST FLOUR CHAUDES AIGUES;87783175;1;Tarif Normal;assise;13.0;58.0
Intercités de jour sans réservation obligatoire;BANASSAC LA CANOURGUE;87783324;NEUSSARGUES;87645507;1;Tarif Normal;assise;12.3;27.5
Intercités de jour sans réservation obligatoire;BEZIERS;87781005;ST GEORGES DE LUZENCON;87783423;1;Tarif Normal;assise;12.4;27.5
Intercités de jour sans réservation obligatoire;BAYONNE;87673004;TARBES;87671008;1;Tarif Normal;assise;13.0;45.0
Intercités de jour sans réservation obligatoire;BIARRITZ;87673400;BAYONNE;87673004;1;Tarif Normal;assise;3.7;10.0
Intercités de jour sans réservation obligatoire;BEZIERS;87781005;BANASSAC LA CANOURGUE;87783324;1;Tarif Normal;assise;13.0;46.0
Intercités de jour sans réservation obligatoire;BIARRITZ;87673400;COARRAZE NAY;87672139;1;Tarif Normal;assise;14.600000000000001;32.0
Intercités de jour sans réservation obligatoire;BEZIERS;87781005;BEDARIEUX;87781609;1;Tarif Normal;assise;7.4;16.5
Intercités de jour sans réservation obligatoire;BIARRITZ;87673400;MONTREJEAU GOURDAN POLIGNAN;87611152;1;Tarif Normal;assise;13.0;53.0
Intercités de jour sans réservation obligatoire;BEZIERS;87781005;BRASSAC LES MINES STE FLORINE;87734244;1;Tarif Normal;assise;19.0;78.0
Intercités de jour sans réservation obligatoire;BIARRITZ;87673400;ORTHEZ;87672253;1;Tarif Normal;assise;9.8;22.0
Intercités de jour sans réservation obligatoire;BEZIERS;87781005;ISSOIRE;87734202;1;Tarif Normal;assise;24.0;81.0
Intercités de jour sans réservation obligatoire;BIARRITZ;87673400;TOULOUSE MATABIAU;87611004;1;Tarif Normal;assise;24.0;78.0
Intercités de jour sans réservation obligatoire;BEZIERS;87781005;MASSIAC BLESLE;87734871;1;Tarif Normal;assise;19.0;75.0
Intercités de jour sans réservation obligatoire;BORDEAUX ST JEAN;87581009;CLISSON;87481440;1;Tarif Normal;assise;22.0;72.0
Intercités de jour sans réservation obligatoire;BEZIERS;87781005;ST ROME DE CERNON;87783431;1;Tarif Normal;assise;11.8;26.0
Intercités de jour sans réservation obligatoire;BORDEAUX ST JEAN;87581009;NANTES;87481002;1;Tarif Normal;assise;23.0;82.0
Intercités de jour sans réservation obligatoire;BEZIERS;87781005;TOURNEMIRE ROQUEFORT;87783456;1;Tarif Normal;assise;11.5;25.0
Intercités de jour sans réservation obligatoire;BOURGES;87576207;NEVERS;87696005;1;Tarif Normal;assise;10.0;21.5
Intercités de jour sans réservation obligatoire;BIARRITZ;87673400;ST GAUDENS;87611137;1;Tarif Normal;assise;13.0;56.0
Intercités de jour sans réservation obligatoire;BOURGES;87576207;ROANNE;87726802;1;Tarif Normal;assise;13.0;51.0
Intercités de jour sans réservation obligatoire;BORDEAUX ST JEAN;87581009;JONZAC;87491142;1;Tarif Normal;assise;10.9;22.5
Intercités de jour sans réservation obligatoire;BOURGES;87576207;ST PIERRE DES CORPS;87571240;1;Tarif Normal;assise;16.5;33.0
Intercités de jour sans réservation obligatoire;BORDEAUX ST JEAN;87581009;LA ROCHELLE VILLE;87485003;1;Tarif Normal;assise;13.0;48.0
Intercités de jour sans réservation obligatoire;BRASSAC LES MINES STE FLORINE;87734244;ST GEORGES DE LUZENCON;87783423;1;Tarif Normal;assise;13.0;53.0
Intercités de jour sans réservation obligatoire;BOURGES;87576207;VIERZON VILLE;87576009;1;Tarif Normal;assise;6.0;14.8
Intercités de jour sans réservation obligatoire;CAMPAGNAC ST GENIEZ;87783340;NEUSSARGUES;87645507;1;Tarif Normal;assise;12.0;29.5
Intercités de jour sans réservation obligatoire;BRASSAC LES MINES STE FLORINE;87734244;BEDARIEUX;87781609;1;Tarif Normal;assise;18.0;62.0
Intercités de jour sans réservation obligatoire;CEILHES ROQUEREDONDE;87781542;LE BOUSQUET D'ORB;87781583;1;Tarif Normal;assise;4.4;11.3
Intercités de jour sans réservation obligatoire;BRASSAC LES MINES STE FLORINE;87734244;MAGALAS;87781666;1;Tarif Normal;assise;19.0;76.0
Intercités de jour sans réservation obligatoire;CEILHES ROQUEREDONDE;87781542;MAGALAS;87781666;1;Tarif Normal;assise;8.200000000000001;18.0
Intercités de jour sans réservation obligatoire;BRASSAC LES MINES STE FLORINE;87734244;ST FLOUR CHAUDES AIGUES;87783175;1;Tarif Normal;assise;10.4;22.0
Intercités de jour sans réservation obligatoire;CEILHES ROQUEREDONDE;87781542;NEUSSARGUES;87645507;1;Tarif Normal;assise;13.0;50.0
Intercités de jour sans réservation obligatoire;CAMPAGNAC ST GENIEZ;87783340;LE MONASTIER;87783308;1;Tarif Normal;assise;6.0;14.0
Intercités de jour sans réservation obligatoire;CEILHES ROQUEREDONDE;87781542;ST GEORGES DE LUZENCON;87783423;1;Tarif Normal;assise;7.0;16.0
Intercités de jour sans réservation obligatoire;CEILHES ROQUEREDONDE;87781542;AUMONT AUBRAC;87783266;1;Tarif Normal;assise;17.0;53.0
Intercités de jour sans réservation obligatoire;CLERMONT FERRAND;87734004;LE BOUSQUET D'ORB;87781583;1;Tarif Normal;assise;19.0;78.0
Intercités de jour sans réservation obligatoire;CEILHES ROQUEREDONDE;87781542;BEDARIEUX;87781609;1;Tarif Normal;assise;5.7;13.600000000000001
Intercités de jour sans réservation obligatoire;CLERMONT FERRAND;87734004;MAGALAS;87781666;1;Tarif Normal;assise;24.0;82.0
Intercités de jour sans réservation obligatoire;CEILHES ROQUEREDONDE;87781542;TOURNEMIRE ROQUEFORT;87783456;1;Tarif Normal;assise;5.300000000000001;13.0
Intercités de jour sans réservation obligatoire;CLERMONT FERRAND;87734004;TARARE;87721472;1;Tarif Normal;assise;18.0;47.0
Intercités de jour sans réservation obligatoire;CHALON SUR SAONE;87725002;LYON PERRACHE;87722025;1;Tarif Normal;assise;11.0;33.0
Intercités de jour sans réservation obligatoire;COARRAZE NAY;87672139;BAYONNE;87673004;1;Tarif Normal;assise;13.9;30.0
Intercités de jour sans réservation obligatoire;CLERMONT FERRAND;87734004;LE MONASTIER;87783308;1;Tarif Normal;assise;13.0;49.0
Intercités de jour sans réservation obligatoire;CULMONT CHALINDREY;87142125;LYON PART DIEU;87723197;1;Tarif Normal;assise;18.0;66.0
Intercités de jour sans réservation obligatoire;CLERMONT FERRAND;87734004;LYON PERRACHE;87722025;1;Tarif Normal;assise;18.0;56.0
Intercités de jour sans réservation obligatoire;CULMONT CHALINDREY;87142125;MACON VILLE;87725689;1;Tarif Normal;assise;17.0;48.0
Intercités de jour sans réservation obligatoire;CLERMONT FERRAND;87734004;MARVEJOLS;87783282;1;Tarif Normal;assise;13.0;49.0
Intercités de jour sans réservation obligatoire;CULMONT CHALINDREY;87142125;NANCY;87141002;1;Tarif Normal;assise;11.0;44.0
Intercités de jour sans réservation obligatoire;CLERMONT FERRAND;87734004;ROANNE;87726802;1;Tarif Normal;assise;14.0;32.0
Intercités de jour sans réservation obligatoire;DIJON VILLE;87713040;NEUFCHATEAU;87141291;1;Tarif Normal;assise;11.0;44.0
Intercités de jour sans réservation obligatoire;CLISSON;87481440;SAINTES;87491001;1;Tarif Normal;assise;16.0;56.0
Intercités de jour sans réservation obligatoire;DIJON VILLE;87713040;TOUL;87141044;1;Tarif Normal;assise;18.0;56.0
Intercités de jour sans réservation obligatoire;COARRAZE NAY;87672139;LANNEMEZAN;87671123;1;Tarif Normal;assise;9.4;22.5
Intercités de jour sans réservation obligatoire;HENDAYE;87677005;BIARRITZ;87673400;1;Tarif Normal;assise;5.6000000000000005;13.4
Intercités de jour sans réservation obligatoire;COARRAZE NAY;87672139;MONTREJEAU GOURDAN POLIGNAN;87611152;1;Tarif Normal;assise;10.700000000000001;25.5
Intercités de jour sans réservation obligatoire;HENDAYE;87677005;LANNEMEZAN;87671123;1;Tarif Normal;assise;13.0;54.0
Intercités de jour sans réservation obligatoire;COARRAZE NAY;87672139;TARBES;87671008;1;Tarif Normal;assise;7.4;16.5
Intercités de jour sans réservation obligatoire;HENDAYE;87677005;ORTHEZ;87672253;1;Tarif Normal;assise;11.0;26.0
Intercités de jour sans réservation obligatoire;CULMONT CHALINDREY;87142125;LYON PERRACHE;87722025;1;Tarif Normal;assise;18.0;66.0
Intercités de jour sans réservation obligatoire;ISSOIRE;87734202;ARVANT;87734251;1;Tarif Normal;assise;8.200000000000001;18.0
Intercités de jour sans réservation obligatoire;CULMONT CHALINDREY;87142125;NEUFCHATEAU;87141291;1;Tarif Normal;assise;11.0;33.0
Intercités de jour sans réservation obligatoire;ISSOIRE;87734202;BANASSAC LA CANOURGUE;87783324;1;Tarif Normal;assise;13.0;46.0
Intercités de jour sans réservation obligatoire;CULMONT CHALINDREY;87142125;TOUL;87141044;1;Tarif Normal;assise;11.0;33.0
Intercités de jour sans réservation obligatoire;ISSOIRE;87734202;CAMPAGNAC ST GENIEZ;87783340;1;Tarif Normal;assise;13.0;48.0
Intercités de jour sans réservation obligatoire;DIJON VILLE;87713040;MACON VILLE;87725689;1;Tarif Normal;assise;11.0;33.0
Intercités de jour sans réservation obligatoire;ISSOIRE;87734202;CEILHES ROQUEREDONDE;87781542;1;Tarif Normal;assise;18.0;61.0
Intercités de jour sans réservation obligatoire;HENDAYE;87677005;COARRAZE NAY;87672139;1;Tarif Normal;assise;16.5;44.0
Intercités de jour sans réservation obligatoire;ISSOIRE;87734202;MASSIAC BLESLE;87734871;1;Tarif Normal;assise;8.200000000000001;18.0
Intercités de jour sans réservation obligatoire;ISSOIRE;87734202;AUMONT AUBRAC;87783266;1;Tarif Normal;assise;12.0;33.0
Intercités de jour sans réservation obligatoire;ISSOIRE;87734202;ST CHELY D'APCHER;87783241;1;Tarif Normal;assise;12.0;32.0
Intercités de jour sans réservation obligatoire;ISSOIRE;87734202;BEDARIEUX;87781609;1;Tarif Normal;assise;19.0;75.0
Intercités de jour sans réservation obligatoire;ISSOIRE;87734202;ST GEORGES DE LUZENCON;87783423;1;Tarif Normal;assise;13.0;56.0
Intercités de jour sans réservation obligatoire;ISSOIRE;87734202;LE MONASTIER;87783308;1;Tarif Normal;assise;13.0;45.0
Intercités de jour sans réservation obligatoire;JONZAC;87491142;LA ROCHELLE VILLE;87485003;1;Tarif Normal;assise;13.4;29.5
Intercités de jour sans réservation obligatoire;JONZAC;87491142;SAINTES;87491001;1;Tarif Normal;assise;11.4;16.5
Intercités de jour sans réservation obligatoire;LA ROCHELLE VILLE;87485003;CLISSON;87481440;1;Tarif Normal;assise;12.0;38.0
Intercités de jour sans réservation obligatoire;LA ROCHE SUR YON;87486019;SAINTES;87491001;1;Tarif Normal;assise;13.0;45.0
Intercités de jour sans réservation obligatoire;LANNEMEZAN;87671123;TOULOUSE MATABIAU;87611004;1;Tarif Normal;assise;12.700000000000001;30.0
Intercités de jour sans réservation obligatoire;LA ROCHELLE VILLE;87485003;NANTES;87481002;1;Tarif Normal;assise;13.0;46.0
Intercités de jour sans réservation obligatoire;LE BOUSQUET D'ORB;87781583;MILLAU;87783001;1;Tarif Normal;assise;9.600000000000001;20.5
Intercités de jour sans réservation obligatoire;LANNEMEZAN;87671123;ST JEAN DE LUZ CIBOURE;87677120;1;Tarif Normal;assise;13.0;52.0
Intercités de jour sans réservation obligatoire;LE MONASTIER;87783308;NEUSSARGUES;87645507;1;Tarif Normal;assise;12.0;24.5
Intercités de jour sans réservation obligatoire;LE BOUSQUET D'ORB;87781583;AUMONT AUBRAC;87783266;1;Tarif Normal;assise;13.0;44.0
Intercités de jour sans réservation obligatoire;LOURDES;87671339;TARBES;87671008;1;Tarif Normal;assise;4.9;12.200000000000001
Intercités de jour sans réservation obligatoire;LE BOUSQUET D'ORB;87781583;MARVEJOLS;87783282;1;Tarif Normal;assise;12.0;32.0
Intercités de jour sans réservation obligatoire;LUCON;87486258;LA ROCHE SUR YON;87486019;1;Tarif Normal;assise;10.200000000000001;15.5
Intercités de jour sans réservation obligatoire;LOURDES;87671339;LANNEMEZAN;87671123;1;Tarif Normal;assise;8.9;19.5
Intercités de jour sans réservation obligatoire;LYON PART DIEU;87723197;NANTES;87481002;1;Tarif Normal;assise;30.0;121.0
Intercités de jour sans réservation obligatoire;LOURDES;87671339;MONTREJEAU GOURDAN POLIGNAN;87611152;1;Tarif Normal;assise;10.5;22.0
Intercités de jour sans réservation obligatoire;LYON PART DIEU;87723197;TOUL;87141044;1;Tarif Normal;assise;19.0;87.0
Intercités de jour sans réservation obligatoire;LOURDES;87671339;ST JEAN DE LUZ CIBOURE;87677120;1;Tarif Normal;assise;13.0;45.0
Intercités de jour sans réservation obligatoire;LYON PART DIEU;87723197;VIERZON VILLE;87576009;1;Tarif Normal;assise;19.0;78.0
Intercités de jour sans réservation obligatoire;LUCON;87486258;CLISSON;87481440;1;Tarif Normal;assise;13.200000000000001;29.0
Intercités de jour sans réservation obligatoire;LYON VAISE;87721001;NEVERS;87696005;1;Tarif Normal;assise;13.0;58.0
Intercités de jour sans réservation obligatoire;LUCON;87486258;LES SABLES D'OLONNE;87486449;1;Tarif Normal;assise;13.200000000000001;29.0
Intercités de jour sans réservation obligatoire;MAGALAS;87781666;AUMONT AUBRAC;87783266;1;Tarif Normal;assise;13.0;48.0
Intercités de jour sans réservation obligatoire;LYON PART DIEU;87723197;MOULINS SUR ALLIER;87696328;1;Tarif Normal;assise;13.0;50.0
Intercités de jour sans réservation obligatoire;MAGALAS;87781666;ST FLOUR CHAUDES AIGUES;87783175;1;Tarif Normal;assise;13.0;56.0
Intercités de jour sans réservation obligatoire;LYON PART DIEU;87723197;RIOM CHATEL GUYON;87734053;1;Tarif Normal;assise;18.0;53.0
Intercités de jour sans réservation obligatoire;MARVEJOLS;87783282;MILLAU;87783001;1;Tarif Normal;assise;10.200000000000001;21.5
Intercités de jour sans réservation obligatoire;LYON PART DIEU;87723197;ST GERMAIN DES FOSSES;87732206;1;Tarif Normal;assise;13.0;45.0
Intercités de jour sans réservation obligatoire;MARVEJOLS;87783282;ST ROME DE CERNON;87783431;1;Tarif Normal;assise;11.0;24.5
Intercités de jour sans réservation obligatoire;LYON PERRACHE;87722025;NEUFCHATEAU;87141291;1;Tarif Normal;assise;19.0;83.0
Intercités de jour sans réservation obligatoire;MARVEJOLS;87783282;TOURNEMIRE ROQUEFORT;87783456;1;Tarif Normal;assise;11.600000000000001;25.5
Intercités de jour sans réservation obligatoire;LYON PERRACHE;87722025;NEVERS;87696005;1;Tarif Normal;assise;13.0;58.0
Intercités de jour sans réservation obligatoire;MASSIAC BLESLE;87734871;BANASSAC LA CANOURGUE;87783324;1;Tarif Normal;assise;12.0;32.0
Intercités de jour sans réservation obligatoire;LYON PERRACHE;87722025;TOUL;87141044;1;Tarif Normal;assise;19.0;87.0
Intercités de jour sans réservation obligatoire;MASSIAC BLESLE;87734871;ST CHELY D'APCHER;87783241;1;Tarif Normal;assise;10.5;23.5
Intercités de jour sans réservation obligatoire;LYON VAISE;87721001;MOULINS SUR ALLIER;87696328;1;Tarif Normal;assise;13.0;50.0
Intercités de jour sans réservation obligatoire;MOULINS SUR ALLIER;87696328;ST PIERRE DES CORPS;87571240;1;Tarif Normal;assise;18.0;55.0
Intercités de jour sans réservation obligatoire;LYON VAISE;87721001;NANTES;87481002;1;Tarif Normal;assise;30.0;121.0
Intercités de jour sans réservation obligatoire;NANCY;87141002;LYON PERRACHE;87722025;1;Tarif Normal;assise;18.0;77.0
Intercités de jour sans réservation obligatoire;LYON VAISE;87721001;ROANNE;87726802;1;Tarif Normal;assise;12.5;25.5
Intercités de jour sans réservation obligatoire;NANTES;87481002;SAINTES;87491001;1;Tarif Normal;assise;16.0;56.0
Intercités de jour sans réservation obligatoire;MACON VILLE;87725689;LYON PART DIEU;87723197;1;Tarif Normal;assise;11.0;33.0
Intercités de jour sans réservation obligatoire;ORTHEZ;87672253;BAYONNE;87673004;1;Tarif Normal;assise;9.600000000000001;20.5
Intercités de jour sans réservation obligatoire;MACON VILLE;87725689;LYON PERRACHE;87722025;1;Tarif Normal;assise;11.0;33.0
Intercités de jour sans réservation obligatoire;ORTHEZ;87672253;LANNEMEZAN;87671123;1;Tarif Normal;assise;13.8;32.0
Intercités de jour sans réservation obligatoire;MAGALAS;87781666;MARVEJOLS;87783282;1;Tarif Normal;assise;13.0;45.0
Intercités de jour sans réservation obligatoire;ORTHEZ;87672253;ST JEAN DE LUZ CIBOURE;87677120;1;Tarif Normal;assise;10.8;24.0
Intercités de jour sans réservation obligatoire;MAGALAS;87781666;MILLAU;87783001;1;Tarif Normal;assise;11.8;26.0
Intercités de jour sans réservation obligatoire;PAU;87672006;HENDAYE;87677005;1;Tarif Normal;assise;12.0;33.0
Intercités de jour sans réservation obligatoire;MAGALAS;87781666;ST CHELY D'APCHER;87783241;1;Tarif Normal;assise;13.0;50.0
Intercités de jour sans réservation obligatoire;PAU;87672006;LANNEMEZAN;87671123;1;Tarif Normal;assise;10.700000000000001;25.5
Intercités de jour sans réservation obligatoire;MASSIAC BLESLE;87734871;MAGALAS;87781666;1;Tarif Normal;assise;18.0;61.0
Intercités de jour sans réservation obligatoire;RIOM CHATEL GUYON;87734053;ROANNE;87726802;1;Tarif Normal;assise;13.0;31.0
Intercités de jour sans réservation obligatoire;MASSIAC BLESLE;87734871;ST ROME DE CERNON;87783431;1;Tarif Normal;assise;13.0;50.0
Intercités de jour sans réservation obligatoire;ROCHEFORT;87485144;LA ROCHE SUR YON;87486019;1;Tarif Normal;assise;12.0;32.0
Intercités de jour sans réservation obligatoire;MILLAU;87783001;ST FLOUR CHAUDES AIGUES;87783175;1;Tarif Normal;assise;12.0;33.0
Intercités de jour sans réservation obligatoire;SAUMUR;87487603;BOURGES;87576207;1;Tarif Normal;assise;13.0;50.0
Intercités de jour sans réservation obligatoire;NANCY;87141002;LYON PART DIEU;87723197;1;Tarif Normal;assise;19.0;87.0
Intercités de jour sans réservation obligatoire;SAUMUR;87487603;NEVERS;87696005;1;Tarif Normal;assise;18.0;60.0
Intercités de jour sans réservation obligatoire;NANTES;87481002;NEVERS;87696005;1;Tarif Normal;assise;24.0;85.0
Intercités de jour sans réservation obligatoire;SAUMUR;87487603;TOURS;87571000;1;Tarif Normal;assise;14.3;20.5
Intercités de jour sans réservation obligatoire;NEVERS;87696005;ST PIERRE DES CORPS;87571240;1;Tarif Normal;assise;13.0;50.0
Intercités de jour sans réservation obligatoire;SEVERAC-LE-CHATEAU;87783365;AUMONT AUBRAC;87783266;1;Tarif Normal;assise;9.4;20.5
Intercités de jour sans réservation obligatoire;NEVERS;87696005;VIERZON VILLE;87576009;1;Tarif Normal;assise;12.8;26.0
Intercités de jour sans réservation obligatoire;SEVERAC-LE-CHATEAU;87783365;ISSOIRE;87734202;1;Tarif Normal;assise;13.0;48.0
Intercités de jour sans réservation obligatoire;PAU;87672006;ORTHEZ;87672253;1;Tarif Normal;assise;7.1000000000000005;16.0
Intercités de jour sans réservation obligatoire;SEVERAC-LE-CHATEAU;87783365;MAGALAS;87781666;1;Tarif Normal;assise;12.0;31.0
Intercités de jour sans réservation obligatoire;ROANNE;87726802;ST PIERRE DES CORPS;87571240;1;Tarif Normal;assise;24.0;80.0
Intercités de jour sans réservation obligatoire;SEVERAC-LE-CHATEAU;87783365;MASSIAC BLESLE;87734871;1;Tarif Normal;assise;13.0;44.0
Intercités de jour sans réservation obligatoire;ROANNE;87726802;VICHY;87732008;1;Tarif Normal;assise;10.0;23.0
Intercités de jour sans réservation obligatoire;SEVERAC-LE-CHATEAU;87783365;ST FLOUR CHAUDES AIGUES;87783175;1;Tarif Normal;assise;12.0;29.0
Intercités de jour sans réservation obligatoire;ROCHEFORT;87485144;SAINTES;87491001;1;Tarif Normal;assise;11.5;16.5
Intercités de jour sans réservation obligatoire;ST CHELY D'APCHER;87783241;BANASSAC LA CANOURGUE;87783324;1;Tarif Normal;assise;7.9;17.5
Intercités de jour sans réservation obligatoire;SAINCAIZE;87696260;MOULINS SUR ALLIER;87696328;1;Tarif Normal;assise;8.0;17.5
Intercités de jour sans réservation obligatoire;ST CHELY D'APCHER;87783241;CAMPAGNAC ST GENIEZ;87783340;1;Tarif Normal;assise;9.200000000000001;20.0
Intercités de jour sans réservation obligatoire;SAUMUR;87487603;LYON PERRACHE;87722025;1;Tarif Normal;assise;25.0;107.0
Intercités de jour sans réservation obligatoire;ST CHELY D'APCHER;87783241;MARVEJOLS;87783282;1;Tarif Normal;assise;6.5;15.0
Intercités de jour sans réservation obligatoire;SAUMUR;87487603;ST GERMAIN DES FOSSES;87732206;1;Tarif Normal;assise;24.0;80.0
Intercités de jour sans réservation obligatoire;ST CHELY D'APCHER;87783241;ST GEORGES DE LUZENCON;87783423;1;Tarif Normal;assise;12.0;29.5
Intercités de jour sans réservation obligatoire;SEVERAC-LE-CHATEAU;87783365;CAMPAGNAC ST GENIEZ;87783340;1;Tarif Normal;assise;4.1000000000000005;10.700000000000001
Intercités de jour sans réservation obligatoire;ST CHELY D'APCHER;87783241;TOURNEMIRE ROQUEFORT;87783456;1;Tarif Normal;assise;12.0;31.0
Intercités de jour sans réservation obligatoire;SEVERAC-LE-CHATEAU;87783365;MILLAU;87783001;1;Tarif Normal;assise;6.1000000000000005;14.4
Intercités de jour sans réservation obligatoire;ST FLOUR CHAUDES AIGUES;87783175;ST GEORGES DE LUZENCON;87783423;1;Tarif Normal;assise;13.0;44.0
Intercités de jour sans réservation obligatoire;SEVERAC-LE-CHATEAU;87783365;NEUSSARGUES;87645507;1;Tarif Normal;assise;12.0;32.0
Intercités de jour sans réservation obligatoire;ST GAUDENS;87611137;TARBES;87671008;1;Tarif Normal;assise;9.8;21.0
Intercités de jour sans réservation obligatoire;SEVERAC-LE-CHATEAU;87783365;TOURNEMIRE ROQUEFORT;87783456;1;Tarif Normal;assise;8.6;18.5
Intercités de jour sans réservation obligatoire;ST GEORGES DE LUZENCON;87783423;MILLAU;87783001;1;Tarif Normal;assise;3.8000000000000003;10.200000000000001
Intercités de jour sans réservation obligatoire;ST CHELY D'APCHER;87783241;LE MONASTIER;87783308;1;Tarif Normal;assise;7.0;15.0
Intercités de jour sans réservation obligatoire;ST GEORGES DE LUZENCON;87783423;ST ROME DE CERNON;87783431;1;Tarif Normal;assise;3.4000000000000004;9.3
Intercités de jour sans réservation obligatoire;ST CHELY D'APCHER;87783241;ST FLOUR CHAUDES AIGUES;87783175;1;Tarif Normal;assise;7.0;16.0
Intercités de jour sans réservation obligatoire;ST JEAN DE LUZ CIBOURE;87677120;TOULOUSE MATABIAU;87611004;1;Tarif Normal;assise;24.0;79.0
Intercités de jour sans réservation obligatoire;ST FLOUR CHAUDES AIGUES;87783175;AUMONT AUBRAC;87783266;1;Tarif Normal;assise;8.0;17.5
Intercités de jour sans réservation obligatoire;TOUL;87141044;CHALON SUR SAONE;87725002;1;Tarif Normal;assise;18.0;66.0
Intercités de jour sans réservation obligatoire;ST FLOUR CHAUDES AIGUES;87783175;MARVEJOLS;87783282;1;Tarif Normal;assise;10.100000000000001;21.5
Intercités de jour sans réservation obligatoire;TOURNEMIRE ROQUEFORT;87783456;MILLAU;87783001;1;Tarif Normal;assise;5.5;13.200000000000001
Intercités de jour sans réservation obligatoire;ST GAUDENS;87611137;LANNEMEZAN;87671123;1;Tarif Normal;assise;6.1000000000000005;14.4
Intercités de nuit à réservation obligatoire;ANDORRE - L'HOSPITALET;87611517;LES AUBRAIS;87543017;2;Tarif Normal;assise;19.0;94.0
Intercités de jour sans réservation obligatoire;ST GAUDENS;87611137;LOURDES;87671339;1;Tarif Normal;assise;11.600000000000001;24.0
Intercités de nuit à réservation obligatoire;ANDORRE - L'HOSPITALET;87611517;PARIS AUSTERLITZ;87547000;2;Tarif Normal;assise;19.0;122.0
Intercités de jour sans réservation obligatoire;ST GAUDENS;87611137;TOULOUSE MATABIAU;87611004;1;Tarif Normal;assise;10.3;24.5
Intercités de nuit à réservation obligatoire;ARGELES SUR MER;87784231;PARIS AUSTERLITZ;87547000;2;Tarif Normal;assise;19.0;127.0
Intercités de jour sans réservation obligatoire;ST GEORGES DE LUZENCON;87783423;NEUSSARGUES;87645507;1;Tarif Normal;assise;13.0;46.0
Intercités de nuit à réservation obligatoire;ASSIER;87613075;LES AUBRAIS;87543017;2;Tarif Normal;assise;19.0;85.0
Intercités de jour sans réservation obligatoire;TARARE;87721472;ROANNE;87726802;1;Tarif Normal;assise;7.0;17.0
Intercités de nuit à réservation obligatoire;AURILLAC;87645002;PARIS BERCY;87686667;2;Tarif Normal;assise;19.0;98.0
Intercités de jour sans réservation obligatoire;TARBES;87671008;TOULOUSE MATABIAU;87611004;1;Tarif Normal;assise;13.0;44.0
Intercités de nuit à réservation obligatoire;AUTERIVE;87611384;PARIS AUSTERLITZ;87547000;2;Tarif Normal;assise;19.0;125.0
Intercités de jour sans réservation obligatoire;TOURNEMIRE ROQUEFORT;87783456;NEUSSARGUES;87645507;1;Tarif Normal;assise;13.0;47.0
Intercités de nuit à réservation obligatoire;BIARRITZ;87673400;PARIS BERCY;87686667;2;Tarif Normal;assise;19.0;101.0
Intercités de jour sans réservation obligatoire;TOURS;87571000;BOURGES;87576207;1;Tarif Normal;assise;16.5;34.0
Intercités de nuit à réservation obligatoire;BIARRITZ;87673400;PARIS GARE DE LYON;87686006;2;Tarif Normal;assise;19.0;101.0
Intercités de nuit à réservation obligatoire;ALBI MADELEINE;87615195;LES AUBRAIS;87543017;2;Tarif Normal;assise;19.0;85.0
Intercités de nuit à réservation obligatoire;BRETENOUX BIARS;87594762;PARIS AUSTERLITZ;87547000;2;Tarif Normal;assise;19.0;98.0
Intercités de nuit à réservation obligatoire;ALBI VILLE;87615005;LES AUBRAIS;87543017;2;Tarif Normal;assise;19.0;85.0
Intercités de nuit à réservation obligatoire;CANNES;87757625;PARIS BERCY;87686667;2;Tarif Normal;assise;19.0;134.0
Intercités de nuit à réservation obligatoire;ALBI VILLE;87615005;PARIS AUSTERLITZ;87547000;2;Tarif Normal;assise;19.0;111.0
Intercités de nuit à réservation obligatoire;CAPDENAC;87613109;PARIS GARE DE LYON;87686006;2;Tarif Normal;assise;19.0;98.0
Intercités de nuit à réservation obligatoire;ALBI VILLE;87615005;PARIS BERCY;87686667;2;Tarif Normal;assise;19.0;111.0
Intercités de nuit à réservation obligatoire;CARMAUX;87615625;LES AUBRAIS;87543017;2;Tarif Normal;assise;19.0;85.0
Intercités de nuit à réservation obligatoire;ALBI VILLE;87615005;PARIS GARE DE LYON;87686006;2;Tarif Normal;assise;19.0;111.0
Intercités de nuit à réservation obligatoire;CARMAUX;87615625;PARIS BERCY;87686667;2;Tarif Normal;assise;19.0;111.0
Intercités de nuit à réservation obligatoire;AUBIN;87613224;PARIS BERCY;87686667;2;Tarif Normal;assise;19.0;111.0
Intercités de nuit à réservation obligatoire;CASTELNAUDARY;87615039;PARIS BERCY;87686667;2;Tarif Normal;assise;19.0;124.0
Intercités de nuit à réservation obligatoire;AURILLAC;87645002;LES AUBRAIS;87543017;2;Tarif Normal;assise;19.0;98.0
Intercités de nuit à réservation obligatoire;CAUSSADE TARN ET GARONNE;87613356;PARIS AUSTERLITZ;87547000;2;Tarif Normal;assise;19.0;104.0
Intercités de nuit à réservation obligatoire;AURILLAC;87645002;PARIS GARE DE LYON;87686006;2;Tarif Normal;assise;19.0;98.0
Intercités de nuit à réservation obligatoire;CRANSAC;87613232;LES AUBRAIS;87543017;2;Tarif Normal;assise;19.0;82.0
Intercités de nuit à réservation obligatoire;BEZIERS;87781005;PARIS GARE DE LYON;87686006;2;Tarif Normal;assise;19.0;101.0
Intercités de nuit à réservation obligatoire;CREST;87761783;PARIS GARE DE LYON;87686006;2;Tarif Normal;assise;19.0;102.0
Intercités de nuit à réservation obligatoire;BIARRITZ;87673400;PARIS AUSTERLITZ;87547000;2;Tarif Normal;assise;19.0;101.0
Intercités de nuit à réservation obligatoire;ELNE;87784207;PARIS GARE DE LYON;87686006;2;Tarif Normal;assise;19.0;127.0
Intercités de nuit à réservation obligatoire;BIGANOS FACTURE;87582478;PARIS GARE DE LYON;87686006;2;Tarif Normal;assise;19.0;104.0
Intercités de nuit à réservation obligatoire;FIGEAC;87613091;PARIS GARE DE LYON;87686006;2;Tarif Normal;assise;19.0;98.0
Intercités de nuit à réservation obligatoire;BRETENOUX BIARS;87594762;PARIS BERCY;87686667;2;Tarif Normal;assise;19.0;98.0
Intercités de nuit à réservation obligatoire;GOURDON;87613141;LES AUBRAIS;87543017;2;Tarif Normal;assise;19.0;81.0
Intercités de nuit à réservation obligatoire;CAPDENAC;87613109;LES AUBRAIS;87543017;2;Tarif Normal;assise;19.0;85.0
Intercités de nuit à réservation obligatoire;GRAMAT;87613059;LES AUBRAIS;87543017;2;Tarif Normal;assise;19.0;85.0
Intercités de nuit à réservation obligatoire;CARCASSONNE;87615286;LES AUBRAIS;87543017;2;Tarif Normal;assise;19.0;98.0
Intercités de nuit à réservation obligatoire;L'ARGENTIERE LES ECRINS   (05);87763557;PARIS BERCY;87686667;2;Tarif Normal;assise;19.0;122.0
Intercités de nuit à réservation obligatoire;CARMAUX;87615625;PARIS GARE DE LYON;87686006;2;Tarif Normal;assise;19.0;111.0
Intercités de nuit à réservation obligatoire;L'ARGENTIERE LES ECRINS   (05);87763557;PARIS GARE DE LYON;87686006;2;Tarif Normal;assise;19.0;122.0
Intercités de nuit à réservation obligatoire;CASTELNAUDARY;87615039;PARIS AUSTERLITZ;87547000;2;Tarif Normal;assise;19.0;127.0
Intercités de nuit à réservation obligatoire;LES AUBRAIS;87543017;BANYULS SUR MER;87784298;2;Tarif Normal;assise;19.0;118.0
Intercités de nuit à réservation obligatoire;CASTELNAUDARY;87615039;PARIS GARE DE LYON;87686006;2;Tarif Normal;assise;19.0;124.0
Intercités de nuit à réservation obligatoire;LES AUBRAIS;87543017;COLLIOURE;87784256;2;Tarif Normal;assise;19.0;118.0
Intercités de nuit à réservation obligatoire;CHORGES;87763425;PARIS AUSTERLITZ;87547000;2;Tarif Normal;assise;19.0;122.0
Intercités de nuit à réservation obligatoire;LES AUBRAIS;87543017;FOIX;87611616;2;Tarif Normal;assise;19.0;94.0
Intercités de nuit à réservation obligatoire;CRANSAC;87613232;PARIS GARE DE LYON;87686006;2;Tarif Normal;assise;19.0;111.0
Intercités de nuit à réservation obligatoire;LES AUBRAIS;87543017;PAMIERS;87611343;2;Tarif Normal;assise;19.0;94.0
Intercités de nuit à réservation obligatoire;CREST;87761783;PARIS AUSTERLITZ;87547000;2;Tarif Normal;assise;19.0;102.0
Intercités de nuit à réservation obligatoire;LES AUBRAIS;87543017;ST DENIS PRES MARTEL;87594572;2;Tarif Normal;assise;19.0;85.0
Intercités de nuit à réservation obligatoire;DAX;87673202;PARIS AUSTERLITZ;87547000;2;Tarif Normal;assise;19.0;104.0
Intercités de nuit à réservation obligatoire;LES CABANNES;87611574;LES AUBRAIS;87543017;2;Tarif Normal;assise;19.0;94.0
Intercités de nuit à réservation obligatoire;EMBRUN;87763466;PARIS BERCY;87686667;2;Tarif Normal;assise;19.0;122.0
Intercités de nuit à réservation obligatoire;LEUCATE LA FRANQUI;87781088;LES AUBRAIS;87543017;2;Tarif Normal;assise;19.0;98.0
Intercités de nuit à réservation obligatoire;HENDAYE;87677005;PARIS BERCY;87686667;2;Tarif Normal;assise;19.0;101.0
Intercités de nuit à réservation obligatoire;LEUCATE LA FRANQUI;87781088;PARIS AUSTERLITZ;87547000;2;Tarif Normal;assise;19.0;124.0
Intercités de nuit à réservation obligatoire;L'ARGENTIERE LES ECRINS   (05);87763557;PARIS AUSTERLITZ;87547000;2;Tarif Normal;assise;19.0;122.0
Intercités de nuit à réservation obligatoire;LEUCATE LA FRANQUI;87781088;PARIS GARE DE LYON;87686006;2;Tarif Normal;assise;19.0;124.0
Intercités de nuit à réservation obligatoire;LAROQUEBROU;87645135;PARIS BERCY;87686667;2;Tarif Normal;assise;19.0;98.0
Intercités de nuit à réservation obligatoire;LOURDES;87671339;PARIS AUSTERLITZ;87547000;2;Tarif Normal;assise;19.0;104.0
Intercités de nuit à réservation obligatoire;LAROQUEBROU;87645135;PARIS GARE DE LYON;87686006;2;Tarif Normal;assise;19.0;98.0
Intercités de nuit à réservation obligatoire;LUZENAC GARANOU;87611558;PARIS AUSTERLITZ;87547000;2;Tarif Normal;assise;19.0;122.0
Intercités de nuit à réservation obligatoire;LES AUBRAIS;87543017;CAHORS;87613000;2;Tarif Normal;assise;19.0;81.0
Intercités de nuit à réservation obligatoire;MERENS LES VALS;87611525;PARIS AUSTERLITZ;87547000;2;Tarif Normal;assise;19.0;122.0
Intercités de nuit à réservation obligatoire;LES AUBRAIS;87543017;PORT VENDRES VILLE;87784264;2;Tarif Normal;assise;19.0;118.0
Intercités de nuit à réservation obligatoire;MERENS LES VALS;87611525;PARIS GARE DE LYON;87686006;2;Tarif Normal;assise;19.0;122.0
Intercités de nuit à réservation obligatoire;LEZIGNAN-CORBIERES;87615112;LES AUBRAIS;87543017;2;Tarif Normal;assise;19.0;98.0
Intercités de nuit à réservation obligatoire;MONTDAUPHIN GUILLESTRE;87763508;PARIS AUSTERLITZ;87547000;2;Tarif Normal;assise;19.0;122.0
Intercités de nuit à réservation obligatoire;LEZIGNAN-CORBIERES;87615112;PARIS GARE DE LYON;87686006;2;Tarif Normal;assise;19.0;124.0
Intercités de nuit à réservation obligatoire;MONTDAUPHIN GUILLESTRE;87763508;PARIS GARE DE LYON;87686006;2;Tarif Normal;assise;19.0;122.0
Intercités de nuit à réservation obligatoire;MERENS LES VALS;87611525;PARIS BERCY;87686667;2;Tarif Normal;assise;19.0;122.0
Intercités de nuit à réservation obligatoire;MONTPELLIER SUD DE FRANCE;87688887;PARIS BERCY;87686667;2;Tarif Normal;assise;19.0;101.0
Intercités de nuit à réservation obligatoire;MONTPELLIER SAINT-ROCH;87773002;PARIS AUSTERLITZ;87547000;2;Tarif Normal;assise;19.0;101.0
Intercités de nuit à réservation obligatoire;MONTPELLIER SUD DE FRANCE;87688887;PARIS GARE DE LYON;87686006;2;Tarif Normal;assise;19.0;101.0
Intercités de nuit à réservation obligatoire;MONTPELLIER SAINT-ROCH;87773002;PARIS BERCY;87686667;2;Tarif Normal;assise;19.0;101.0
Intercités de nuit à réservation obligatoire;NAUCELLE;87615732;LES AUBRAIS;87543017;2;Tarif Normal;assise;19.0;85.0
Intercités de nuit à réservation obligatoire;NAUCELLE;87615732;PARIS BERCY;87686667;2;Tarif Normal;assise;19.0;111.0
Intercités de nuit à réservation obligatoire;ORTHEZ;87672253;PARIS AUSTERLITZ;87547000;2;Tarif Normal;assise;19.0;104.0
Intercités de nuit à réservation obligatoire;NIMES;87775007;PARIS BERCY;87686667;2;Tarif Normal;assise;19.0;101.0
Intercités de nuit à réservation obligatoire;ORTHEZ;87672253;PARIS BERCY;87686667;2;Tarif Normal;assise;19.0;104.0
Intercités de nuit à réservation obligatoire;NIMES;87775007;PARIS GARE DE LYON;87686006;2;Tarif Normal;assise;19.0;101.0
Intercités de nuit à réservation obligatoire;PARIS AUSTERLITZ;87547000;ANTIBES;87757674;2;Tarif Normal;assise;19.0;134.0
Intercités de nuit à réservation obligatoire;PARIS AUSTERLITZ;87547000;AGDE;87781278;2;Tarif Normal;assise;19.0;101.0
Intercités de nuit à réservation obligatoire;PARIS AUSTERLITZ;87547000;BRIANCON;87763607;2;Tarif Normal;assise;19.0;122.0
Intercités de nuit à réservation obligatoire;PARIS AUSTERLITZ;87547000;AX LES THERMES;87611533;2;Tarif Normal;assise;19.0;125.0
Intercités de nuit à réservation obligatoire;PARIS AUSTERLITZ;87547000;BRIVE LA GAILLARDE;87594002;2;Tarif Normal;assise;19.0;98.0
Intercités de nuit à réservation obligatoire;PARIS AUSTERLITZ;87547000;BANYULS SUR MER;87784298;2;Tarif Normal;assise;19.0;127.0
Intercités de nuit à réservation obligatoire;PARIS AUSTERLITZ;87547000;COLLIOURE;87784256;2;Tarif Normal;assise;19.0;127.0
Intercités de nuit à réservation obligatoire;PARIS AUSTERLITZ;87547000;NARBONNE;87781104;2;Tarif Normal;assise;19.0;122.0
Intercités de nuit à réservation obligatoire;PARIS AUSTERLITZ;87547000;LES ARCS DRAGUIGNAN;87755447;2;Tarif Normal;assise;19.0;134.0
Intercités de nuit à réservation obligatoire;PARIS AUSTERLITZ;87547000;RODEZ;87613422;2;Tarif Normal;assise;19.0;111.0
Intercités de nuit à réservation obligatoire;PARIS AUSTERLITZ;87547000;PERPIGNAN;87784009;2;Tarif Normal;assise;19.0;127.0
Intercités de nuit à réservation obligatoire;PARIS AUSTERLITZ;87547000;SETE;87773200;2;Tarif Normal;assise;19.0;101.0
Intercités de nuit à réservation obligatoire;PARIS BERCY;87686667;AGDE;87781278;2;Tarif Normal;assise;19.0;101.0
Intercités de nuit à réservation obligatoire;PARIS AUSTERLITZ;87547000;ST DENIS PRES MARTEL;87594572;2;Tarif Normal;assise;19.0;98.0
Intercités de nuit à réservation obligatoire;PARIS BERCY;87686667;MONTAUBAN VILLE BOURBON;87611244;2;Tarif Normal;assise;19.0;104.0
Intercités de nuit à réservation obligatoire;PARIS AUSTERLITZ;87547000;ST JEAN DE LUZ CIBOURE;87677120;2;Tarif Normal;assise;19.0;101.0
Intercités de nuit à réservation obligatoire;PARIS BERCY;87686667;NARBONNE;87781104;2;Tarif Normal;assise;19.0;122.0
Intercités de nuit à réservation obligatoire;PARIS AUSTERLITZ;87547000;TARBES;87671008;2;Tarif Normal;assise;19.0;104.0
Intercités de nuit à réservation obligatoire;PARIS BERCY;87686667;PORT VENDRES VILLE;87784264;2;Tarif Normal;assise;19.0;127.0
Intercités de nuit à réservation obligatoire;PARIS BERCY;87686667;CAHORS;87613000;2;Tarif Normal;assise;19.0;96.0
Intercités de nuit à réservation obligatoire;PARIS BERCY;87686667;VEYNES DEVOLUY;87763300;2;Tarif Normal;assise;19.0;114.0
Intercités de nuit à réservation obligatoire;PARIS BERCY;87686667;LES ARCS DRAGUIGNAN;87755447;2;Tarif Normal;assise;19.0;134.0
Intercités de nuit à réservation obligatoire;PARIS GARE DE LYON;87686006;CAHORS;87613000;2;Tarif Normal;assise;19.0;96.0
Intercités de nuit à réservation obligatoire;PARIS BERCY;87686667;PAMIERS;87611343;2;Tarif Normal;assise;19.0;125.0
Intercités de nuit à réservation obligatoire;PARIS GARE DE LYON;87686006;MONTAUBAN VILLE BOURBON;87611244;2;Tarif Normal;assise;19.0;104.0
Intercités de nuit à réservation obligatoire;PARIS BERCY;87686667;SETE;87773200;2;Tarif Normal;assise;19.0;101.0
Intercités de nuit à réservation obligatoire;PARIS GARE DE LYON;87686006;SOUILLAC;87594333;2;Tarif Normal;assise;19.0;96.0
Intercités de nuit à réservation obligatoire;PARIS BERCY;87686667;ST DENIS PRES MARTEL;87594572;2;Tarif Normal;assise;19.0;98.0
Intercités de nuit à réservation obligatoire;PARIS GARE DE LYON;87686006;ST JEAN DE LUZ CIBOURE;87677120;2;Tarif Normal;assise;19.0;101.0
Intercités de nuit à réservation obligatoire;PARIS GARE DE LYON;87686006;CERBERE;87785006;2;Tarif Normal;assise;19.0;127.0
Intercités de nuit à réservation obligatoire;PARIS GARE DE LYON;87686006;ST RAPHAEL VALESCURE;87757526;2;Tarif Normal;assise;19.0;134.0
Intercités de nuit à réservation obligatoire;PARIS GARE DE LYON;87686006;COLLIOURE;87784256;2;Tarif Normal;assise;19.0;127.0
Intercités de nuit à réservation obligatoire;PARIS GARE DE LYON;87686006;TARBES;87671008;2;Tarif Normal;assise;19.0;104.0
Intercités de nuit à réservation obligatoire;PARIS GARE DE LYON;87686006;LATOUR DE CAROL ENVEITG;87611483;2;Tarif Normal;assise;19.0;122.0
Intercités de nuit à réservation obligatoire;PAU;87672006;PARIS GARE DE LYON;87686006;2;Tarif Normal;assise;19.0;104.0
Intercités de nuit à réservation obligatoire;PARIS GARE DE LYON;87686006;NARBONNE;87781104;2;Tarif Normal;assise;19.0;122.0
Intercités de nuit à réservation obligatoire;PORTE PUYMORENS;87611509;LES AUBRAIS;87543017;2;Tarif Normal;assise;19.0;94.0
Intercités de nuit à réservation obligatoire;PARIS GARE DE LYON;87686006;ST DENIS PRES MARTEL;87594572;2;Tarif Normal;assise;19.0;98.0
Intercités de nuit à réservation obligatoire;ROCAMADOUR PADIRAC;87613042;LES AUBRAIS;87543017;2;Tarif Normal;assise;19.0;85.0
Intercités de nuit à réservation obligatoire;PARIS GARE DE LYON;87686006;TOULON;87755009;2;Tarif Normal;assise;19.0;117.0
Intercités de nuit à réservation obligatoire;ROCAMADOUR PADIRAC;87613042;PARIS GARE DE LYON;87686006;2;Tarif Normal;assise;19.0;98.0
Intercités de nuit à réservation obligatoire;PARIS GARE DE LYON;87686006;VEYNES DEVOLUY;87763300;2;Tarif Normal;assise;19.0;114.0
Intercités de nuit à réservation obligatoire;SAVERDUN;87611368;PARIS GARE DE LYON;87686006;2;Tarif Normal;assise;19.0;125.0
Intercités de nuit à réservation obligatoire;PERPIGNAN;87784009;PARIS GARE DE LYON;87686006;2;Tarif Normal;assise;19.0;127.0
Intercités de nuit à réservation obligatoire;ST CHRISTOPHE;87613257;LES AUBRAIS;87543017;2;Tarif Normal;assise;19.0;85.0
Intercités de nuit à réservation obligatoire;SAVERDUN;87611368;PARIS AUSTERLITZ;87547000;2;Tarif Normal;assise;19.0;125.0
Intercités de nuit à réservation obligatoire;ST VINCENT DE TYROSSE;87673277;LES AUBRAIS;87543017;2;Tarif Normal;assise;19.0;104.0
Intercités de nuit à réservation obligatoire;SAVERDUN;87611368;PARIS BERCY;87686667;2;Tarif Normal;assise;19.0;125.0
Intercités de nuit à réservation obligatoire;TARASCON SUR ARIEGE;87611590;PARIS GARE DE LYON;87686006;2;Tarif Normal;assise;19.0;125.0
Intercités de nuit à réservation obligatoire;ST CHRISTOPHE;87613257;PARIS BERCY;87686667;2;Tarif Normal;assise;19.0;111.0
Intercités de nuit à réservation obligatoire;ALBI MADELEINE;87615195;PARIS BERCY;87686667;2;Tarif Normal;couchette;29.0;149.0
Intercités de nuit à réservation obligatoire;ALBI MADELEINE;87615195;PARIS AUSTERLITZ;87547000;2;Tarif Normal;couchette;29.0;149.0
Intercités de nuit à réservation obligatoire;ANDORRE - L'HOSPITALET;87611517;PARIS AUSTERLITZ;87547000;2;Tarif Normal;couchette;29.0;163.0
Intercités de nuit à réservation obligatoire;ALBI VILLE;87615005;PARIS AUSTERLITZ;87547000;2;Tarif Normal;couchette;29.0;149.0
Intercités de nuit à réservation obligatoire;ANDORRE - L'HOSPITALET;87611517;PARIS BERCY;87686667;2;Tarif Normal;couchette;29.0;163.0
Intercités de nuit à réservation obligatoire;ASSIER;87613075;PARIS AUSTERLITZ;87547000;2;Tarif Normal;couchette;29.0;136.0
Intercités de nuit à réservation obligatoire;ARGELES SUR MER;87784231;PARIS BERCY;87686667;2;Tarif Normal;couchette;29.0;168.0
Intercités de nuit à réservation obligatoire;ASSIER;87613075;PARIS BERCY;87686667;2;Tarif Normal;couchette;29.0;136.0
Intercités de nuit à réservation obligatoire;ASSIER;87613075;LES AUBRAIS;87543017;2;Tarif Normal;couchette;29.0;123.0
Intercités de nuit à réservation obligatoire;ASSIER;87613075;PARIS GARE DE LYON;87686006;2;Tarif Normal;couchette;29.0;136.0
Intercités de nuit à réservation obligatoire;AUBIN;87613224;PARIS GARE DE LYON;87686006;2;Tarif Normal;couchette;29.0;149.0
Intercités de nuit à réservation obligatoire;AUBIN;87613224;LES AUBRAIS;87543017;2;Tarif Normal;couchette;29.0;120.0
Intercités de nuit à réservation obligatoire;AURILLAC;87645002;PARIS BERCY;87686667;2;Tarif Normal;couchette;29.0;136.0
Intercités de nuit à réservation obligatoire;AUBIN;87613224;PARIS BERCY;87686667;2;Tarif Normal;couchette;29.0;149.0
Intercités de nuit à réservation obligatoire;AUTERIVE;87611384;PARIS AUSTERLITZ;87547000;2;Tarif Normal;couchette;29.0;163.0
Intercités de nuit à réservation obligatoire;BEZIERS;87781005;PARIS AUSTERLITZ;87547000;2;Tarif Normal;couchette;29.0;142.0
Intercités de nuit à réservation obligatoire;AUTERIVE;87611384;PARIS GARE DE LYON;87686006;2;Tarif Normal;couchette;29.0;163.0
Intercités de nuit à réservation obligatoire;BEZIERS;87781005;PARIS GARE DE LYON;87686006;2;Tarif Normal;couchette;29.0;142.0
Intercités de nuit à réservation obligatoire;BEZIERS;87781005;PARIS BERCY;87686667;2;Tarif Normal;couchette;29.0;142.0
Intercités de nuit à réservation obligatoire;BIGANOS FACTURE;87582478;PARIS AUSTERLITZ;87547000;2;Tarif Normal;couchette;29.0;142.0
Intercités de nuit à réservation obligatoire;BIGANOS FACTURE;87582478;LES AUBRAIS;87543017;2;Tarif Normal;couchette;29.0;142.0
Intercités de nuit à réservation obligatoire;CANNES;87757625;PARIS GARE DE LYON;87686006;2;Tarif Normal;couchette;29.0;175.0
Intercités de nuit à réservation obligatoire;BRETENOUX BIARS;87594762;PARIS BERCY;87686667;2;Tarif Normal;couchette;29.0;136.0
Intercités de nuit à réservation obligatoire;CAPDENAC;87613109;PARIS GARE DE LYON;87686006;2;Tarif Normal;couchette;29.0;136.0
Intercités de nuit à réservation obligatoire;CANNES;87757625;PARIS AUSTERLITZ;87547000;2;Tarif Normal;couchette;29.0;175.0
Intercités de nuit à réservation obligatoire;CARMAUX;87615625;PARIS AUSTERLITZ;87547000;2;Tarif Normal;couchette;29.0;149.0
Intercités de nuit à réservation obligatoire;CAUSSADE TARN ET GARONNE;87613356;PARIS AUSTERLITZ;87547000;2;Tarif Normal;couchette;29.0;142.0
Intercités de nuit à réservation obligatoire;CARMAUX;87615625;PARIS GARE DE LYON;87686006;2;Tarif Normal;couchette;29.0;149.0
Intercités de nuit à réservation obligatoire;CAUSSADE TARN ET GARONNE;87613356;PARIS GARE DE LYON;87686006;2;Tarif Normal;couchette;29.0;142.0
Intercités de nuit à réservation obligatoire;CHORGES;87763425;PARIS GARE DE LYON;87686006;2;Tarif Normal;couchette;29.0;160.0
Intercités de nuit à réservation obligatoire;CRANSAC;87613232;PARIS GARE DE LYON;87686006;2;Tarif Normal;couchette;29.0;149.0
Intercités de nuit à réservation obligatoire;CRANSAC;87613232;PARIS BERCY;87686667;2;Tarif Normal;couchette;29.0;149.0
Intercités de nuit à réservation obligatoire;DAX;87673202;PARIS AUSTERLITZ;87547000;2;Tarif Normal;couchette;29.0;142.0
Intercités de nuit à réservation obligatoire;DAX;87673202;LES AUBRAIS;87543017;2;Tarif Normal;couchette;29.0;142.0
Intercités de nuit à réservation obligatoire;ELNE;87784207;LES AUBRAIS;87543017;2;Tarif Normal;couchette;29.0;156.0
Intercités de nuit à réservation obligatoire;DAX;87673202;PARIS BERCY;87686667;2;Tarif Normal;couchette;29.0;142.0
Intercités de nuit à réservation obligatoire;EMBRUN;87763466;PARIS GARE DE LYON;87686006;2;Tarif Normal;couchette;29.0;160.0
Intercités de nuit à réservation obligatoire;DIE;87761841;PARIS AUSTERLITZ;87547000;2;Tarif Normal;couchette;29.0;140.0
Intercités de nuit à réservation obligatoire;FIGEAC;87613091;PARIS AUSTERLITZ;87547000;2;Tarif Normal;couchette;29.0;136.0
Intercités de nuit à réservation obligatoire;DIE;87761841;PARIS GARE DE LYON;87686006;2;Tarif Normal;couchette;29.0;140.0
Intercités de nuit à réservation obligatoire;GOURDON;87613141;PARIS AUSTERLITZ;87547000;2;Tarif Normal;couchette;29.0;134.0
Intercités de nuit à réservation obligatoire;FIGEAC;87613091;PARIS BERCY;87686667;2;Tarif Normal;couchette;29.0;136.0
Intercités de nuit à réservation obligatoire;GRAMAT;87613059;PARIS GARE DE LYON;87686006;2;Tarif Normal;couchette;29.0;136.0
Intercités de nuit à réservation obligatoire;FIGEAC;87613091;PARIS GARE DE LYON;87686006;2;Tarif Normal;couchette;29.0;136.0
Intercités de nuit à réservation obligatoire;HENDAYE;87677005;PARIS AUSTERLITZ;87547000;2;Tarif Normal;couchette;29.0;142.0
Intercités de nuit à réservation obligatoire;GOURDON;87613141;PARIS BERCY;87686667;2;Tarif Normal;couchette;29.0;134.0
Intercités de nuit à réservation obligatoire;LAROQUEBROU;87645135;PARIS GARE DE LYON;87686006;2;Tarif Normal;couchette;29.0;136.0
Intercités de nuit à réservation obligatoire;GRAMAT;87613059;LES AUBRAIS;87543017;2;Tarif Normal;couchette;29.0;123.0
Intercités de nuit à réservation obligatoire;LES AUBRAIS;87543017;BRIVE LA GAILLARDE;87594002;2;Tarif Normal;couchette;29.0;115.0
Intercités de nuit à réservation obligatoire;GRAMAT;87613059;PARIS BERCY;87686667;2;Tarif Normal;couchette;29.0;136.0
Intercités de nuit à réservation obligatoire;LES AUBRAIS;87543017;CERBERE;87785006;2;Tarif Normal;couchette;29.0;156.0
Intercités de nuit à réservation obligatoire;HENDAYE;87677005;PARIS BERCY;87686667;2;Tarif Normal;couchette;29.0;142.0
Intercités de nuit à réservation obligatoire;LES AUBRAIS;87543017;ST DENIS PRES MARTEL;87594572;2;Tarif Normal;couchette;29.0;123.0
Intercités de nuit à réservation obligatoire;HENDAYE;87677005;PARIS GARE DE LYON;87686006;2;Tarif Normal;couchette;29.0;142.0
Intercités de nuit à réservation obligatoire;LEUCATE LA FRANQUI;87781088;PARIS GARE DE LYON;87686006;2;Tarif Normal;couchette;29.0;165.0
Intercités de nuit à réservation obligatoire;IRUN FRANCE;87677914;LES AUBRAIS;87543017;2;Tarif Normal;couchette;29.0;142.0
Intercités de nuit à réservation obligatoire;LOURDES;87671339;PARIS GARE DE LYON;87686006;2;Tarif Normal;couchette;29.0;142.0
Intercités de nuit à réservation obligatoire;IRUN FRANCE;87677914;PARIS AUSTERLITZ;87547000;2;Tarif Normal;couchette;29.0;142.0
Intercités de nuit à réservation obligatoire;LUC EN DIOIS;87761874;PARIS AUSTERLITZ;87547000;2;Tarif Normal;couchette;29.0;140.0
Intercités de nuit à réservation obligatoire;IRUN FRANCE;87677914;PARIS GARE DE LYON;87686006;2;Tarif Normal;couchette;29.0;142.0
Intercités de nuit à réservation obligatoire;LUC EN DIOIS;87761874;PARIS BERCY;87686667;2;Tarif Normal;couchette;29.0;140.0
Intercités de nuit à réservation obligatoire;L'ARGENTIERE LES ECRINS   (05);87763557;PARIS AUSTERLITZ;87547000;2;Tarif Normal;couchette;29.0;160.0
Intercités de nuit à réservation obligatoire;LUZENAC GARANOU;87611558;PARIS BERCY;87686667;2;Tarif Normal;couchette;29.0;163.0
Intercités de nuit à réservation obligatoire;L'ARGENTIERE LES ECRINS   (05);87763557;PARIS BERCY;87686667;2;Tarif Normal;couchette;29.0;160.0
Intercités de nuit à réservation obligatoire;MONTPELLIER SAINT-ROCH;87773002;PARIS AUSTERLITZ;87547000;2;Tarif Normal;couchette;29.0;142.0
Intercités de nuit à réservation obligatoire;LES AUBRAIS;87543017;COLLIOURE;87784256;2;Tarif Normal;couchette;29.0;156.0
Intercités de nuit à réservation obligatoire;NAUCELLE;87615732;PARIS BERCY;87686667;2;Tarif Normal;couchette;29.0;149.0
Intercités de nuit à réservation obligatoire;LES AUBRAIS;87543017;MONTAUBAN VILLE BOURBON;87611244;2;Tarif Normal;couchette;29.0;126.0
Intercités de nuit à réservation obligatoire;ORTHEZ;87672253;PARIS GARE DE LYON;87686006;2;Tarif Normal;couchette;29.0;142.0
Intercités de nuit à réservation obligatoire;LES AUBRAIS;87543017;NARBONNE;87781104;2;Tarif Normal;couchette;29.0;136.0
Intercités de nuit à réservation obligatoire;PARIS AUSTERLITZ;87547000;CERBERE;87785006;2;Tarif Normal;couchette;29.0;168.0
Intercités de nuit à réservation obligatoire;LES AUBRAIS;87543017;PAMIERS;87611343;2;Tarif Normal;couchette;29.0;132.0
Intercités de nuit à réservation obligatoire;PARIS AUSTERLITZ;87547000;FOIX;87611616;2;Tarif Normal;couchette;29.0;163.0
Intercités de nuit à réservation obligatoire;LES AUBRAIS;87543017;ST JEAN DE LUZ CIBOURE;87677120;2;Tarif Normal;couchette;29.0;142.0
Intercités de nuit à réservation obligatoire;PARIS AUSTERLITZ;87547000;ST RAPHAEL VALESCURE;87757526;2;Tarif Normal;couchette;29.0;175.0
Intercités de nuit à réservation obligatoire;LES AUBRAIS;87543017;VIVIEZ DECAZEVILLE;87613661;2;Tarif Normal;couchette;29.0;123.0
Intercités de nuit à réservation obligatoire;PARIS BERCY;87686667;AGDE;87781278;2;Tarif Normal;couchette;29.0;142.0
Intercités de nuit à réservation obligatoire;LEUCATE LA FRANQUI;87781088;PARIS AUSTERLITZ;87547000;2;Tarif Normal;couchette;29.0;165.0
Intercités de nuit à réservation obligatoire;PARIS BERCY;87686667;LATOUR DE CAROL ENVEITG;87611483;2;Tarif Normal;couchette;29.0;163.0
Intercités de nuit à réservation obligatoire;LEZIGNAN-CORBIERES;87615112;PARIS GARE DE LYON;87686006;2;Tarif Normal;couchette;29.0;165.0
Intercités de nuit à réservation obligatoire;PARIS BERCY;87686667;TOULOUSE MATABIAU;87611004;2;Tarif Normal;couchette;29.0;142.0
Intercités de nuit à réservation obligatoire;LUC EN DIOIS;87761874;PARIS GARE DE LYON;87686006;2;Tarif Normal;couchette;29.0;140.0
Intercités de nuit à réservation obligatoire;PARIS BERCY;87686667;VIVIEZ DECAZEVILLE;87613661;2;Tarif Normal;couchette;29.0;149.0
Intercités de nuit à réservation obligatoire;MERENS LES VALS;87611525;PARIS AUSTERLITZ;87547000;2;Tarif Normal;couchette;29.0;163.0
Intercités de nuit à réservation obligatoire;PARIS GARE DE LYON;87686006;ANTIBES;87757674;2;Tarif Normal;couchette;29.0;175.0
Intercités de nuit à réservation obligatoire;MONTDAUPHIN GUILLESTRE;87763508;PARIS AUSTERLITZ;87547000;2;Tarif Normal;couchette;29.0;160.0
Intercités de nuit à réservation obligatoire;PARIS GARE DE LYON;87686006;BANYULS SUR MER;87784298;2;Tarif Normal;couchette;29.0;168.0
Intercités de nuit à réservation obligatoire;NICE VILLE;87756056;PARIS GARE DE LYON;87686006;2;Tarif Normal;couchette;29.0;175.0
Intercités de nuit à réservation obligatoire;PARIS GARE DE LYON;87686006;BRIANCON;87763607;2;Tarif Normal;couchette;29.0;160.0
Intercités de nuit à réservation obligatoire;NIMES;87775007;PARIS BERCY;87686667;2;Tarif Normal;couchette;29.0;142.0
Intercités de nuit à réservation obligatoire;PARIS GARE DE LYON;87686006;CERBERE;87785006;2;Tarif Normal;couchette;29.0;168.0
Intercités de nuit à réservation obligatoire;PARIS AUSTERLITZ;87547000;BRIVE LA GAILLARDE;87594002;2;Tarif Normal;couchette;29.0;136.0
Intercités de nuit à réservation obligatoire;PARIS GARE DE LYON;87686006;LATOUR DE CAROL ENVEITG;87611483;2;Tarif Normal;couchette;29.0;163.0
Intercités de nuit à réservation obligatoire;PARIS AUSTERLITZ;87547000;LES ARCS DRAGUIGNAN;87755447;2;Tarif Normal;couchette;29.0;175.0
Intercités de nuit à réservation obligatoire;PARIS GARE DE LYON;87686006;SOUILLAC;87594333;2;Tarif Normal;couchette;29.0;134.0
Intercités de nuit à réservation obligatoire;PARIS AUSTERLITZ;87547000;PAMIERS;87611343;2;Tarif Normal;couchette;29.0;163.0
Intercités de nuit à réservation obligatoire;PARIS GARE DE LYON;87686006;TOULOUSE MATABIAU;87611004;2;Tarif Normal;couchette;29.0;142.0
Intercités de nuit à réservation obligatoire;PARIS AUSTERLITZ;87547000;PERPIGNAN;87784009;2;Tarif Normal;couchette;29.0;168.0
Intercités de nuit à réservation obligatoire;PARIS GARE DE LYON;87686006;VEYNES DEVOLUY;87763300;2;Tarif Normal;couchette;29.0;152.0
Intercités de nuit à réservation obligatoire;PARIS AUSTERLITZ;87547000;SETE;87773200;2;Tarif Normal;couchette;29.0;142.0
Intercités de nuit à réservation obligatoire;PAU;87672006;LES AUBRAIS;87543017;2;Tarif Normal;couchette;29.0;142.0
Intercités de nuit à réservation obligatoire;PARIS BERCY;87686667;CAHORS;87613000;2;Tarif Normal;couchette;29.0;134.0
Intercités de nuit à réservation obligatoire;PORT BOU.;87785956;PARIS GARE DE LYON;87686006;2;Tarif Normal;couchette;29.0;168.0
Intercités de nuit à réservation obligatoire;PARIS BERCY;87686667;LES ARCS DRAGUIGNAN;87755447;2;Tarif Normal;couchette;29.0;175.0
Intercités de nuit à réservation obligatoire;PORT LA NOUVELLE;87781062;PARIS AUSTERLITZ;87547000;2;Tarif Normal;couchette;29.0;165.0
Intercités de nuit à réservation obligatoire;PARIS BERCY;87686667;MONTAUBAN VILLE BOURBON;87611244;2;Tarif Normal;couchette;29.0;142.0
Intercités de nuit à réservation obligatoire;ROCAMADOUR PADIRAC;87613042;PARIS BERCY;87686667;2;Tarif Normal;couchette;29.0;136.0
Intercités de nuit à réservation obligatoire;PARIS BERCY;87686667;RODEZ;87613422;2;Tarif Normal;couchette;29.0;149.0
Intercités de nuit à réservation obligatoire;ROCAMADOUR PADIRAC;87613042;PARIS GARE DE LYON;87686006;2;Tarif Normal;couchette;29.0;136.0
Intercités de nuit à réservation obligatoire;PARIS BERCY;87686667;ST JEAN DE LUZ CIBOURE;87677120;2;Tarif Normal;couchette;29.0;142.0
Intercités de nuit à réservation obligatoire;SAVERDUN;87611368;LES AUBRAIS;87543017;2;Tarif Normal;couchette;29.0;132.0
Intercités de nuit à réservation obligatoire;PARIS BERCY;87686667;TOULON;87755009;2;Tarif Normal;couchette;29.0;158.0
Intercités de nuit à réservation obligatoire;ST CHRISTOPHE;87613257;PARIS AUSTERLITZ;87547000;2;Tarif Normal;couchette;29.0;149.0
Intercités de nuit à réservation obligatoire;PARIS GARE DE LYON;87686006;PAMIERS;87611343;2;Tarif Normal;couchette;29.0;163.0
Intercités de nuit à réservation obligatoire;ST VINCENT DE TYROSSE;87673277;LES AUBRAIS;87543017;2;Tarif Normal;couchette;29.0;142.0
Intercités de nuit à réservation obligatoire;PARIS GARE DE LYON;87686006;RODEZ;87613422;2;Tarif Normal;couchette;29.0;149.0
Intercités de nuit à réservation obligatoire;ST VINCENT DE TYROSSE;87673277;PARIS BERCY;87686667;2;Tarif Normal;couchette;29.0;142.0
Intercités de nuit à réservation obligatoire;PARIS GARE DE LYON;87686006;SETE;87773200;2;Tarif Normal;couchette;29.0;142.0
Intercités de nuit à réservation obligatoire;TARASCON SUR ARIEGE;87611590;PARIS BERCY;87686667;2;Tarif Normal;couchette;29.0;163.0
Intercités de nuit à réservation obligatoire;PARIS GARE DE LYON;87686006;ST RAPHAEL VALESCURE;87757526;2;Tarif Normal;couchette;29.0;175.0
Intercités de nuit à réservation obligatoire;ALBI MADELEINE;87615195;PARIS AUSTERLITZ;87547000;1;Tarif Normal;couchette;39.0;209.0
Intercités de nuit à réservation obligatoire;PAU;87672006;PARIS GARE DE LYON;87686006;2;Tarif Normal;couchette;29.0;142.0
Intercités de nuit à réservation obligatoire;ALBI MADELEINE;87615195;PARIS GARE DE LYON;87686006;1;Tarif Normal;couchette;39.0;209.0
Intercités de nuit à réservation obligatoire;PORT LA NOUVELLE;87781062;PARIS GARE DE LYON;87686006;2;Tarif Normal;couchette;29.0;165.0
Intercités de nuit à réservation obligatoire;ANDORRE - L'HOSPITALET;87611517;PARIS AUSTERLITZ;87547000;1;Tarif Normal;couchette;39.0;233.0
Intercités de nuit à réservation obligatoire;PORTE PUYMORENS;87611509;PARIS GARE DE LYON;87686006;2;Tarif Normal;couchette;29.0;163.0
Intercités de nuit à réservation obligatoire;ANDORRE - L'HOSPITALET;87611517;PARIS GARE DE LYON;87686006;1;Tarif Normal;couchette;39.0;233.0
Intercités de nuit à réservation obligatoire;RIVESALTES;87784173;LES AUBRAIS;87543017;2;Tarif Normal;couchette;29.0;154.0
Intercités de nuit à réservation obligatoire;ARGELES SUR MER;87784231;LES AUBRAIS;87543017;1;Tarif Normal;couchette;39.0;216.0
Intercités de nuit à réservation obligatoire;RIVESALTES;87784173;PARIS AUSTERLITZ;87547000;2;Tarif Normal;couchette;29.0;165.0
Intercités de nuit à réservation obligatoire;AUBIN;87613224;PARIS AUSTERLITZ;87547000;1;Tarif Normal;couchette;39.0;209.0
Intercités de nuit à réservation obligatoire;RIVESALTES;87784173;PARIS BERCY;87686667;2;Tarif Normal;couchette;29.0;165.0
Intercités de nuit à réservation obligatoire;AURILLAC;87645002;PARIS AUSTERLITZ;87547000;1;Tarif Normal;couchette;39.0;196.0
Intercités de nuit à réservation obligatoire;ST CHRISTOPHE;87613257;LES AUBRAIS;87543017;2;Tarif Normal;couchette;29.0;123.0
Intercités de nuit à réservation obligatoire;AURILLAC;87645002;PARIS GARE DE LYON;87686006;1;Tarif Normal;couchette;39.0;196.0
Intercités de nuit à réservation obligatoire;ST CHRISTOPHE;87613257;PARIS GARE DE LYON;87686006;2;Tarif Normal;couchette;29.0;149.0
Intercités de nuit à réservation obligatoire;AUTERIVE;87611384;LES AUBRAIS;87543017;1;Tarif Normal;couchette;39.0;192.0
Intercités de nuit à réservation obligatoire;ST GAUDENS;87611137;PARIS AUSTERLITZ;87547000;2;Tarif Normal;couchette;29.0;142.0
Intercités de nuit à réservation obligatoire;BRETENOUX BIARS;87594762;PARIS GARE DE LYON;87686006;1;Tarif Normal;couchette;39.0;196.0
Intercités de nuit à réservation obligatoire;ALBI MADELEINE;87615195;LES AUBRAIS;87543017;1;Tarif Normal;couchette;39.0;183.0
Intercités de nuit à réservation obligatoire;CAPDENAC;87613109;PARIS GARE DE LYON;87686006;1;Tarif Normal;couchette;39.0;196.0
Intercités de nuit à réservation obligatoire;ALBI MADELEINE;87615195;PARIS BERCY;87686667;1;Tarif Normal;couchette;39.0;209.0
Intercités de nuit à réservation obligatoire;CARMAUX;87615625;PARIS BERCY;87686667;1;Tarif Normal;couchette;39.0;209.0
Intercités de nuit à réservation obligatoire;ALBI VILLE;87615005;LES AUBRAIS;87543017;1;Tarif Normal;couchette;39.0;183.0
Intercités de nuit à réservation obligatoire;CASTELNAUDARY;87615039;PARIS AUSTERLITZ;87547000;1;Tarif Normal;couchette;39.0;225.0
Intercités de nuit à réservation obligatoire;ALBI VILLE;87615005;PARIS GARE DE LYON;87686006;1;Tarif Normal;couchette;39.0;209.0
Intercités de nuit à réservation obligatoire;CAUSSADE TARN ET GARONNE;87613356;LES AUBRAIS;87543017;1;Tarif Normal;couchette;39.0;186.0
Intercités de nuit à réservation obligatoire;ARGELES SUR MER;87784231;PARIS BERCY;87686667;1;Tarif Normal;couchette;39.0;238.0
Intercités de nuit à réservation obligatoire;CHORGES;87763425;PARIS AUSTERLITZ;87547000;1;Tarif Normal;couchette;39.0;220.0
Intercités de nuit à réservation obligatoire;AUBIN;87613224;PARIS BERCY;87686667;1;Tarif Normal;couchette;39.0;209.0
Intercités de nuit à réservation obligatoire;CHORGES;87763425;PARIS BERCY;87686667;1;Tarif Normal;couchette;39.0;220.0
Intercités de nuit à réservation obligatoire;BIGANOS FACTURE;87582478;PARIS AUSTERLITZ;87547000;1;Tarif Normal;couchette;39.0;202.0
Intercités de nuit à réservation obligatoire;CRANSAC;87613232;PARIS BERCY;87686667;1;Tarif Normal;couchette;39.0;209.0
Intercités de nuit à réservation obligatoire;BIGANOS FACTURE;87582478;PARIS GARE DE LYON;87686006;1;Tarif Normal;couchette;39.0;202.0
Intercités de nuit à réservation obligatoire;ELNE;87784207;PARIS GARE DE LYON;87686006;1;Tarif Normal;couchette;39.0;238.0
Intercités de nuit à réservation obligatoire;CANNES;87757625;PARIS GARE DE LYON;87686006;1;Tarif Normal;couchette;39.0;245.0
Intercités de nuit à réservation obligatoire;EMBRUN;87763466;PARIS AUSTERLITZ;87547000;1;Tarif Normal;couchette;39.0;220.0
Intercités de nuit à réservation obligatoire;CAPDENAC;87613109;LES AUBRAIS;87543017;1;Tarif Normal;couchette;39.0;183.0
Intercités de nuit à réservation obligatoire;EMBRUN;87763466;PARIS BERCY;87686667;1;Tarif Normal;couchette;39.0;220.0
Intercités de nuit à réservation obligatoire;CAPDENAC;87613109;PARIS BERCY;87686667;1;Tarif Normal;couchette;39.0;196.0
Intercités de nuit à réservation obligatoire;GAP;87763003;PARIS BERCY;87686667;1;Tarif Normal;couchette;39.0;212.0
Intercités de nuit à réservation obligatoire;CARCASSONNE;87615286;PARIS AUSTERLITZ;87547000;1;Tarif Normal;couchette;39.0;225.0
Intercités de nuit à réservation obligatoire;GRAMAT;87613059;PARIS AUSTERLITZ;87547000;1;Tarif Normal;couchette;39.0;196.0
Intercités de nuit à réservation obligatoire;CRANSAC;87613232;LES AUBRAIS;87543017;1;Tarif Normal;couchette;39.0;180.0
Intercités de nuit à réservation obligatoire;IRUN FRANCE;87677914;PARIS BERCY;87686667;1;Tarif Normal;couchette;39.0;212.0
Intercités de nuit à réservation obligatoire;CRANSAC;87613232;PARIS GARE DE LYON;87686006;1;Tarif Normal;couchette;39.0;209.0
Intercités de nuit à réservation obligatoire;LES AUBRAIS;87543017;AX LES THERMES;87611533;1;Tarif Normal;couchette;39.0;192.0
Intercités de nuit à réservation obligatoire;CREST;87761783;PARIS GARE DE LYON;87686006;1;Tarif Normal;couchette;39.0;200.0
Intercités de nuit à réservation obligatoire;LES AUBRAIS;87543017;LATOUR DE CAROL ENVEITG;87611483;1;Tarif Normal;couchette;39.0;192.0
Intercités de nuit à réservation obligatoire;DAX;87673202;PARIS BERCY;87686667;1;Tarif Normal;couchette;39.0;202.0
Intercités de nuit à réservation obligatoire;LES AUBRAIS;87543017;PAMIERS;87611343;1;Tarif Normal;couchette;39.0;192.0
Intercités de nuit à réservation obligatoire;DIE;87761841;PARIS GARE DE LYON;87686006;1;Tarif Normal;couchette;39.0;200.0
Intercités de nuit à réservation obligatoire;LES AUBRAIS;87543017;PORT VENDRES VILLE;87784264;1;Tarif Normal;couchette;39.0;216.0
Intercités de nuit à réservation obligatoire;ELNE;87784207;LES AUBRAIS;87543017;1;Tarif Normal;couchette;39.0;216.0
Intercités de nuit à réservation obligatoire;LEUCATE LA FRANQUI;87781088;PARIS GARE DE LYON;87686006;1;Tarif Normal;couchette;39.0;235.0
Intercités de nuit à réservation obligatoire;FIGEAC;87613091;PARIS AUSTERLITZ;87547000;1;Tarif Normal;couchette;39.0;196.0
Intercités de nuit à réservation obligatoire;LOURDES;87671339;PARIS AUSTERLITZ;87547000;1;Tarif Normal;couchette;39.0;202.0
Intercités de nuit à réservation obligatoire;FIGEAC;87613091;PARIS BERCY;87686667;1;Tarif Normal;couchette;39.0;196.0
Intercités de nuit à réservation obligatoire;LUC EN DIOIS;87761874;PARIS GARE DE LYON;87686006;1;Tarif Normal;couchette;39.0;200.0
Intercités de nuit à réservation obligatoire;FIGEAC;87613091;PARIS GARE DE LYON;87686006;1;Tarif Normal;couchette;39.0;196.0
Intercités de nuit à réservation obligatoire;LUZENAC GARANOU;87611558;PARIS BERCY;87686667;1;Tarif Normal;couchette;39.0;233.0
Intercités de nuit à réservation obligatoire;GAP;87763003;PARIS GARE DE LYON;87686006;1;Tarif Normal;couchette;39.0;212.0
Intercités de nuit à réservation obligatoire;MONTPELLIER SAINT-ROCH;87773002;PARIS AUSTERLITZ;87547000;1;Tarif Normal;couchette;39.0;212.0
Intercités de nuit à réservation obligatoire;GRAMAT;87613059;LES AUBRAIS;87543017;1;Tarif Normal;couchette;39.0;183.0
Intercités de nuit à réservation obligatoire;MONTPELLIER SAINT-ROCH;87773002;PARIS GARE DE LYON;87686006;1;Tarif Normal;couchette;39.0;212.0
Intercités de nuit à réservation obligatoire;HENDAYE;87677005;PARIS AUSTERLITZ;87547000;1;Tarif Normal;couchette;39.0;212.0
Intercités de nuit à réservation obligatoire;ORTHEZ;87672253;PARIS BERCY;87686667;1;Tarif Normal;couchette;39.0;202.0
Intercités de nuit à réservation obligatoire;HENDAYE;87677005;PARIS BERCY;87686667;1;Tarif Normal;couchette;39.0;212.0
Intercités de nuit à réservation obligatoire;PARIS AUSTERLITZ;87547000;CAHORS;87613000;1;Tarif Normal;couchette;39.0;194.0
Intercités de nuit à réservation obligatoire;LAROQUEBROU;87645135;PARIS AUSTERLITZ;87547000;1;Tarif Normal;couchette;39.0;196.0
Intercités de nuit à réservation obligatoire;PARIS AUSTERLITZ;87547000;NARBONNE;87781104;1;Tarif Normal;couchette;39.0;233.0
Intercités de nuit à réservation obligatoire;LAROQUEBROU;87645135;PARIS GARE DE LYON;87686006;1;Tarif Normal;couchette;39.0;196.0
Intercités de nuit à réservation obligatoire;PARIS AUSTERLITZ;87547000;SOUILLAC;87594333;1;Tarif Normal;couchette;39.0;194.0
Intercités de nuit à réservation obligatoire;LES AUBRAIS;87543017;MONTAUBAN VILLE BOURBON;87611244;1;Tarif Normal;couchette;39.0;186.0
Intercités de nuit à réservation obligatoire;PARIS AUSTERLITZ;87547000;TARBES;87671008;1;Tarif Normal;couchette;39.0;202.0
Intercités de nuit à réservation obligatoire;LES AUBRAIS;87543017;NARBONNE;87781104;1;Tarif Normal;couchette;39.0;196.0
Intercités de nuit à réservation obligatoire;PARIS AUSTERLITZ;87547000;VEYNES DEVOLUY;87763300;1;Tarif Normal;couchette;39.0;212.0
Intercités de nuit à réservation obligatoire;LES AUBRAIS;87543017;TOULOUSE MATABIAU;87611004;1;Tarif Normal;couchette;39.0;186.0
Intercités de nuit à réservation obligatoire;PARIS BERCY;87686667;BAYONNE;87673004;1;Tarif Normal;couchette;39.0;202.0
Intercités de nuit à réservation obligatoire;LES CABANNES;87611574;LES AUBRAIS;87543017;1;Tarif Normal;couchette;39.0;192.0
Intercités de nuit à réservation obligatoire;PARIS BERCY;87686667;BRIANCON;87763607;1;Tarif Normal;couchette;39.0;220.0
Intercités de nuit à réservation obligatoire;LES CABANNES;87611574;PARIS BERCY;87686667;1;Tarif Normal;couchette;39.0;223.0
Intercités de nuit à réservation obligatoire;PARIS BERCY;87686667;LATOUR DE CAROL ENVEITG;87611483;1;Tarif Normal;couchette;39.0;233.0
Intercités de nuit à réservation obligatoire;LEUCATE LA FRANQUI;87781088;LES AUBRAIS;87543017;1;Tarif Normal;couchette;39.0;196.0
Intercités de nuit à réservation obligatoire;PARIS BERCY;87686667;LES ARCS DRAGUIGNAN;87755447;1;Tarif Normal;couchette;39.0;245.0
Intercités de nuit à réservation obligatoire;LEZIGNAN-CORBIERES;87615112;PARIS BERCY;87686667;1;Tarif Normal;couchette;39.0;235.0
Intercités de nuit à réservation obligatoire;PARIS BERCY;87686667;RODEZ;87613422;1;Tarif Normal;couchette;39.0;209.0
Intercités de nuit à réservation obligatoire;LOURDES;87671339;PARIS BERCY;87686667;1;Tarif Normal;couchette;39.0;202.0
Intercités de nuit à réservation obligatoire;PARIS BERCY;87686667;ST RAPHAEL VALESCURE;87757526;1;Tarif Normal;couchette;39.0;245.0
Intercités de nuit à réservation obligatoire;LUC EN DIOIS;87761874;PARIS BERCY;87686667;1;Tarif Normal;couchette;39.0;200.0
Intercités de nuit à réservation obligatoire;PARIS GARE DE LYON;87686006;BANYULS SUR MER;87784298;1;Tarif Normal;couchette;39.0;238.0
Intercités de nuit à réservation obligatoire;LUZENAC GARANOU;87611558;LES AUBRAIS;87543017;1;Tarif Normal;couchette;39.0;192.0
Intercités de nuit à réservation obligatoire;PARIS GARE DE LYON;87686006;BRIANCON;87763607;1;Tarif Normal;couchette;39.0;220.0
Intercités de nuit à réservation obligatoire;MARSEILLE BLANCARDE;87751081;PARIS AUSTERLITZ;87547000;1;Tarif Normal;couchette;39.0;223.0
Intercités de nuit à réservation obligatoire;PARIS GARE DE LYON;87686006;LATOUR DE CAROL ENVEITG;87611483;1;Tarif Normal;couchette;39.0;233.0
Intercités de nuit à réservation obligatoire;MERENS LES VALS;87611525;PARIS BERCY;87686667;1;Tarif Normal;couchette;39.0;233.0
Intercités de nuit à réservation obligatoire;PARIS GARE DE LYON;87686006;NARBONNE;87781104;1;Tarif Normal;couchette;39.0;233.0
Intercités de nuit à réservation obligatoire;MONTDAUPHIN GUILLESTRE;87763508;PARIS AUSTERLITZ;87547000;1;Tarif Normal;couchette;39.0;220.0
Intercités de nuit à réservation obligatoire;PARIS GARE DE LYON;87686006;SOUILLAC;87594333;1;Tarif Normal;couchette;39.0;194.0
Intercités de nuit à réservation obligatoire;MONTDAUPHIN GUILLESTRE;87763508;PARIS GARE DE LYON;87686006;1;Tarif Normal;couchette;39.0;220.0
Intercités de nuit à réservation obligatoire;PORT BOU.;87785956;PARIS AUSTERLITZ;87547000;1;Tarif Normal;couchette;39.0;238.0
Intercités de nuit à réservation obligatoire;NAUCELLE;87615732;PARIS BERCY;87686667;1;Tarif Normal;couchette;39.0;209.0
Intercités de nuit à réservation obligatoire;PORT BOU.;87785956;PARIS BERCY;87686667;1;Tarif Normal;couchette;39.0;238.0
Intercités de nuit à réservation obligatoire;NIMES;87775007;PARIS GARE DE LYON;87686006;1;Tarif Normal;couchette;39.0;212.0
Intercités de nuit à réservation obligatoire;ROCAMADOUR PADIRAC;87613042;LES AUBRAIS;87543017;1;Tarif Normal;couchette;39.0;183.0
Intercités de nuit à réservation obligatoire;PARIS AUSTERLITZ;87547000;CERBERE;87785006;1;Tarif Normal;couchette;39.0;238.0
Intercités de nuit à réservation obligatoire;ROCAMADOUR PADIRAC;87613042;PARIS GARE DE LYON;87686006;1;Tarif Normal;couchette;39.0;196.0
Intercités de nuit à réservation obligatoire;PARIS AUSTERLITZ;87547000;SETE;87773200;1;Tarif Normal;couchette;39.0;212.0
Intercités de nuit à réservation obligatoire;SAVERDUN;87611368;LES AUBRAIS;87543017;1;Tarif Normal;couchette;39.0;192.0
Intercités de nuit à réservation obligatoire;PARIS AUSTERLITZ;87547000;ST JEAN DE LUZ CIBOURE;87677120;1;Tarif Normal;couchette;39.0;212.0
Intercités de nuit à réservation obligatoire;SAVERDUN;87611368;PARIS BERCY;87686667;1;Tarif Normal;couchette;39.0;223.0
Intercités de nuit à réservation obligatoire;PARIS AUSTERLITZ;87547000;ST RAPHAEL VALESCURE;87757526;1;Tarif Normal;couchette;39.0;245.0
Intercités de nuit à réservation obligatoire;SAVERDUN;87611368;PARIS GARE DE LYON;87686006;1;Tarif Normal;couchette;39.0;223.0
Intercités de nuit à réservation obligatoire;PARIS AUSTERLITZ;87547000;TOULON;87755009;1;Tarif Normal;couchette;39.0;228.0
Intercités de nuit à réservation obligatoire;ST CHRISTOPHE;87613257;PARIS AUSTERLITZ;87547000;1;Tarif Normal;couchette;39.0;209.0
Intercités de nuit à réservation obligatoire;PARIS AUSTERLITZ;87547000;TOULOUSE MATABIAU;87611004;1;Tarif Normal;couchette;39.0;212.0
Intercités de nuit à réservation obligatoire;ST CHRISTOPHE;87613257;PARIS GARE DE LYON;87686006;1;Tarif Normal;couchette;39.0;209.0
Intercités de nuit à réservation obligatoire;PARIS BERCY;87686667;AGDE;87781278;1;Tarif Normal;couchette;39.0;212.0
Intercités de nuit à réservation obligatoire;TARASCON SUR ARIEGE;87611590;PARIS AUSTERLITZ;87547000;1;Tarif Normal;couchette;39.0;223.0
Intercités de nuit à réservation obligatoire;PARIS BERCY;87686667;BANYULS SUR MER;87784298;1;Tarif Normal;couchette;39.0;238.0
Intercités de nuit à réservation obligatoire;PARIS BERCY;87686667;COLLIOURE;87784256;1;Tarif Normal;couchette;39.0;238.0
Intercités de nuit à réservation obligatoire;PARIS BERCY;87686667;PORT VENDRES VILLE;87784264;1;Tarif Normal;couchette;39.0;238.0
Intercités de nuit à réservation obligatoire;PARIS BERCY;87686667;SOUILLAC;87594333;1;Tarif Normal;couchette;39.0;194.0
Intercités de nuit à réservation obligatoire;PARIS BERCY;87686667;TOULON;87755009;1;Tarif Normal;couchette;39.0;228.0
Intercités de nuit à réservation obligatoire;PARIS GARE DE LYON;87686006;ANTIBES;87757674;1;Tarif Normal;couchette;39.0;245.0
Intercités de nuit à réservation obligatoire;PARIS GARE DE LYON;87686006;CAHORS;87613000;1;Tarif Normal;couchette;39.0;194.0
Intercités de nuit à réservation obligatoire;PARIS GARE DE LYON;87686006;COLLIOURE;87784256;1;Tarif Normal;couchette;39.0;238.0
Intercités de nuit à réservation obligatoire;PARIS GARE DE LYON;87686006;FOIX;87611616;1;Tarif Normal;couchette;39.0;223.0
Intercités de nuit à réservation obligatoire;PARIS GARE DE LYON;87686006;MONTAUBAN VILLE BOURBON;87611244;1;Tarif Normal;couchette;39.0;202.0
Intercités de nuit à réservation obligatoire;PAU;87672006;LES AUBRAIS;87543017;1;Tarif Normal;couchette;39.0;202.0
Intercités de nuit à réservation obligatoire;PAU;87672006;PARIS AUSTERLITZ;87547000;1;Tarif Normal;couchette;39.0;202.0
Intercités de nuit à réservation obligatoire;PAU;87672006;PARIS BERCY;87686667;1;Tarif Normal;couchette;39.0;202.0
Intercités de nuit à réservation obligatoire;PORT LA NOUVELLE;87781062;PARIS AUSTERLITZ;87547000;1;Tarif Normal;couchette;39.0;235.0
Intercités de nuit à réservation obligatoire;PORTE PUYMORENS;87611509;PARIS BERCY;87686667;1;Tarif Normal;couchette;39.0;233.0
Intercités de nuit à réservation obligatoire;ST CHRISTOPHE;87613257;LES AUBRAIS;87543017;1;Tarif Normal;couchette;39.0;183.0
Intercités de nuit à réservation obligatoire;TARASCON SUR ARIEGE;87611590;PARIS BERCY;87686667;1;Tarif Normal;couchette;39.0;223.0
